date,fwd_return_1w,inflation_directional_zscore,master_signal
2020-01-02,0.00929447334898792,,
2020-01-03,0.014931140547475241,,
2020-01-06,0.013249011175868963,,
2020-01-07,0.02459857036062263,,
2020-01-08,0.023537910576228338,,
2020-01-09,0.014074571716493178,,
2020-01-10,0.01727226790390013,,
2020-01-13,0.01137728739435473,,
2020-01-14,0.0037524937940696113,,
2020-01-15,-0.013881415138221276,,
2020-01-16,-0.012231632200819464,,
2020-01-17,-0.016884809677981227,,
2020-01-21,-0.011181074382902945,,
2020-01-22,-0.028969669601866532,,
2020-01-23,-0.02303986720953588,,
2020-01-24,0.0006433073279381585,,
2020-01-27,0.02807348557017897,,
2020-01-28,0.021225551241667473,,
2020-01-29,0.016591311785910667,,
2020-01-30,0.02083955098883572,,
2020-01-31,0.04099494035070306,,
2020-02-03,0.040176427859103914,,
2020-02-04,0.023153272541462044,,
2020-02-05,0.013635450371698665,,
2020-02-06,0.007325646037695144,,
2020-02-07,0.017561626463844515,,
2020-02-10,0.006306513249942469,,
2020-02-11,-0.005956369592733268,,
2020-02-12,-0.04543934663924598,,
2020-02-13,-0.07283176345756004,,
2020-02-14,-0.07803476758496641,,
2020-02-18,-0.11617101199006608,,
2020-02-19,-0.12755784593121988,,
2020-02-20,-0.08389585056459237,,
2020-02-21,-0.10018125983072435,,
2020-02-24,-0.02968793108258494,,
2020-02-25,-0.03333216120401128,,
2020-02-26,-0.04621372806356072,,
2020-02-27,-0.07795189944809255,,
2020-02-28,-0.024368530441199243,,
2020-03-02,-0.11288803745999487,,
2020-03-03,-0.17404781961596472,,
2020-03-04,-0.13389263031449272,,
2020-03-05,-0.2109201902154143,,
2020-03-06,-0.1490998765295033,,
2020-03-09,-0.12687143190026795,,
2020-03-10,-0.16405352799741868,,
2020-03-11,-0.15921178384609214,,
2020-03-12,-0.0980553405572755,,
2020-03-13,-0.09726597369255852,,
2020-03-16,0.037479097953589946,,
2020-03-17,0.039886287704759216,,
2020-03-18,0.05978482965681153,,
2020-03-19,0.09017220126256031,,
2020-03-20,0.12133609843291748,,
2020-03-23,0.1041834271922768,,
2020-03-24,0.03251298353716092,,
2020-03-25,0.005287692481701134,,
2020-03-26,0.012779127551737934,,
2020-03-27,0.046406213726701395,,
2020-03-30,0.04695334361258641,,
2020-03-31,0.07940524415864791,,
2020-04-01,0.11784254199554756,,
2020-04-02,0.12630495864498004,,
2020-04-03,0.11842163421935581,,
2020-04-06,0.05100837938491121,,
2020-04-07,0.08090140294275794,,
2020-04-08,0.02661110262620081,,
2020-04-09,-0.01909083740169626,,
2020-04-13,0.013644115974985827,,
2020-04-14,-0.016956775331510854,,
2020-04-15,0.019178259369970085,,
2020-04-16,0.02819381686342437,,
2020-04-17,-0.0038858120895024495,,
2020-04-20,0.041212683659445526,,
2020-04-21,0.06426681673341705,,
2020-04-22,0.011217049915872135,,
2020-04-23,0.01606262063049524,,
2020-04-24,0.011174799241382871,,
2020-04-27,-0.010443011589449935,,
2020-04-28,0.006216407824292336,,
2020-04-29,-0.003303271633707694,,
2020-04-30,0.006098000638641965,,
2020-05-01,0.01392230217860524,,
2020-05-04,-0.00799932459528474,,
2020-05-05,-0.005557027513212742,,
2020-05-06,0.005364377444337487,,
2020-05-07,0.02523957114942088,,
2020-05-08,-0.0023414567547273,,
2020-05-11,0.014135602128189761,,
2020-05-12,0.027312446866333273,,
2020-05-13,0.04803191489361702,,
2020-05-14,0.048823838737949155,,
2020-05-15,0.06021231274225669,,
2020-05-18,0.02566767437058015,,
2020-05-19,0.04152326082642821,,
2020-05-20,0.028307886970362794,,
2020-05-21,0.044873512384221215,,
2020-05-22,0.056647887800504115,,
2020-05-26,0.04030390036667253,,
2020-05-27,0.051974059081791424,,
2020-05-28,0.06689044898390284,,
2020-05-29,0.053499807838229385,,
2020-06-01,0.04398621605966491,,
2020-06-02,-0.025551638849397373,,
2020-06-03,-0.026117001348118896,,
2020-06-04,-0.014702716596783683,,
2020-06-05,-0.02166296694041514,,
2020-06-08,-0.0367839276819939,,
2020-06-09,-0.028635748539215022,,
2020-06-10,-0.028964246083243994,,
2020-06-11,0.038559674894240725,,
2020-06-12,0.02958593500826945,,
2020-06-15,-0.005302306470705287,,
2020-06-16,-0.013114691142302903,,
2020-06-17,-0.03354435055195282,,
2020-06-18,-0.019933618802442266,,
2020-06-19,0.000823180770497256,,
2020-06-22,-0.0006414656206500391,,
2020-06-23,-0.00040877721322518656,,
2020-06-24,0.04241836129205678,,
2020-06-25,0.019962643007237935,,
2020-06-26,0.053468702746714,,
2020-06-29,0.032362342953714984,,
2020-06-30,0.027336152424450644,,
2020-07-01,0.012632146502089103,,
2020-07-02,0.021568621186513814,,
2020-07-06,0.014730856805001746,,
2020-07-07,0.02233477038902243,,
2020-07-08,0.017284238818400244,,
2020-07-09,0.03165876175822091,,
2020-07-10,0.022687313189159397,,
2020-07-13,0.0382857613732166,,
2020-07-14,0.011927994195501501,,
2020-07-15,-0.0033875086779727726,,
2020-07-16,0.007413926613321964,,
2020-07-17,-0.0019505508988348907,,
2020-07-20,0.0020296201535130454,,
2020-07-21,-0.003401590274153543,,
2020-07-22,-0.0014957173643629362,,
2020-07-23,0.01821884870474655,,
2020-07-24,0.02826195799889919,,
2020-07-27,0.027276571968352314,,
2020-07-28,0.0406159505847552,,
2020-07-29,0.02849216189342152,,
2020-07-30,0.03519478039073132,,
2020-07-31,0.01912800508694268,,
2020-08-03,0.0260243245786298,,
2020-08-04,0.020238862123507673,,
2020-08-05,0.013546609290906453,,
2020-08-06,0.009802457929749542,,
2020-08-07,0.011488147812179328,,
2020-08-10,0.004279163331319724,,
2020-08-11,0.015544336755967114,,
2020-08-12,0.004972857840164435,,
2020-08-13,0.017148718070332025,,
2020-08-14,0.020982255362675506,,
2020-08-17,0.02860446068734679,,
2020-08-18,0.027957566567741843,,
2020-08-19,0.03945656844007894,,
2020-08-20,0.033909218995070045,,
2020-08-21,0.03811713313473608,,
2020-08-24,0.04358723275279197,,
2020-08-25,0.003322085479814829,,
2020-08-26,-0.01488186780807943,,
2020-08-27,-0.04382488413137997,,
2020-08-28,-0.031086000324970664,,
2020-08-31,-0.04603020875293895,,
2020-09-01,-0.05265053237491679,,
2020-09-02,-0.05509880363266728,,
2020-09-03,-0.015588730731159517,,
2020-09-04,-0.012101104185634037,,
2020-09-08,0.007554384364195199,,
2020-09-09,-0.023386565302327855,,
2020-09-10,-0.017408413417625224,,
2020-09-11,-0.007602582483530074,,
2020-09-14,-0.0433333136301034,,
2020-09-15,-0.04545748559331986,,
2020-09-16,-0.025706766228817624,,
2020-09-17,-0.0016115531380604953,,
2020-09-18,0.004820046573700054,,
2020-09-21,0.02497363656866991,,
2020-09-22,0.019673841903503853,,
2020-09-23,0.03444632551932081,,
2020-09-24,0.049901589051897455,,
2020-09-25,0.01895126816756898,,
2020-09-28,0.02024107888769544,,
2020-09-29,0.033386599189919375,,
2020-09-30,0.03393993458221822,,
2020-10-01,0.04537979176526252,,
2020-10-02,0.04883198642942044,,
2020-10-05,0.023490582643900693,,
2020-10-06,0.036409131887520596,,
2020-10-07,0.01882471983716627,,
2020-10-08,-0.005776322011819546,,
2020-10-09,-0.00978390286269748,,
2020-10-12,-0.02791563626486182,,
2020-10-13,-0.016640422787470133,,
2020-10-14,-0.006673030123227508,,
2020-10-15,-0.023646844695034197,,
2020-10-16,-0.026732227073233084,,
2020-10-19,-0.045489827600294075,,
2020-10-20,-0.0386306605636747,,
2020-10-21,-0.0482017487687596,,
2020-10-22,-0.041479778427040426,,
2020-10-23,-0.02776888027033031,,
2020-10-26,0.012487613827819821,,
2020-10-27,0.03532329798152589,,
2020-10-28,0.07288529912596342,,
2020-10-29,0.07262296419152237,,
2020-10-30,0.0842732021186805,,
2020-11-02,0.07927521871525944,,
2020-11-03,0.049819539588502826,,
2020-11-04,0.0411536138280324,,
2020-11-05,0.033175233944366056,,
2020-11-06,0.028520219750159503,,
2020-11-09,0.0048697366568088984,,
2020-11-10,0.010249525458817077,,
2020-11-11,-0.004232140757866709,,
2020-11-12,0.01147296728027336,,
2020-11-13,0.014018939235457273,,
2020-11-16,0.0007554640175797545,,
2020-11-17,0.007984419024083422,,
2020-11-18,0.015090574277073499,,
2020-11-19,0.022496628855877,,
2020-11-20,0.0313334495184876,,
2020-11-23,0.024913419368904677,,
2020-11-24,0.017524845890834806,,
2020-11-25,0.017166944471229906,,
2020-11-27,0.01756290626245427,,
2020-11-30,0.014134519539544366,,
2020-12-01,0.001542683176562143,,
2020-12-02,-0.0015126696302272258,,
2020-12-03,-0.005244469171357458,,
2020-12-04,-0.0012165055472652675,,
2020-12-07,0.0024946099090998874,,
2020-12-08,0.005464244716051114,,
2020-12-09,0.009962372237136474,,
2020-12-10,0.007311687249529797,,
2020-12-11,0.0064965906547362895,,
2020-12-14,0.01165733148000414,,
2020-12-15,0.002284402726126178,,
2020-12-16,0.009237619455469526,,
2020-12-17,0.001224989791751785,,
2020-12-18,0.006100700650507829,,
2020-12-21,0.01654974938564302,,
2020-12-22,0.003631422790907113,,
2020-12-23,0.009986422801022243,,
2020-12-24,0.012173715791804707,,
2020-12-28,0.018319519403752205,,
2020-12-29,0.026197733321885464,,
2020-12-30,0.018105379363565266,,
2020-12-31,0.012012555676544912,,
2021-01-04,0.029505627389782907,,
2021-01-05,0.01842838206962427,,
2021-01-06,0.005365327869289782,,
2021-01-07,-0.0012829309714784687,,
2021-01-08,0.007103862283903473,,
2021-01-11,0.014069865065098774,,
2021-01-12,0.010596681565509636,,
2021-01-13,0.011948008315309844,,
2021-01-14,0.014248301954399079,,
2021-01-15,-0.00463875804418501,,
2021-01-19,-0.00303508111537254,,
2021-01-20,-0.03572569025273575,,
2021-01-21,-0.02055763326386495,,
2021-01-22,-0.003946405933145325,,
2021-01-25,-0.006533760790172649,,
2021-01-26,0.005746021685257174,,
2021-01-27,0.03627521815520551,,
2021-01-28,0.033851897617878324,,
2021-01-29,0.05303642198673231,,
2021-02-01,0.03604267248917559,,
2021-02-02,0.02353965047264861,,
2021-02-03,0.027325157891163965,,
2021-02-04,0.015716447901976904,,
2021-02-05,0.011448918527437568,,
2021-02-08,-0.0004137307532199319,,
2021-02-09,-0.0011556466891489148,,
2021-02-10,-0.008537346414723701,,
2021-02-11,-0.008939377690622474,,
2021-02-12,-0.0023889215035973743,,
2021-02-16,-0.026254961742769978,,
2021-02-17,-0.03056980716449642,,
2021-02-18,-0.0031042649790364862,,
2021-02-19,-0.009322422191562763,,
2021-02-22,-0.014647233329033948,,
2021-02-23,-0.02908766749884706,,
2021-02-24,-0.021269007471792833,,
2021-02-25,-0.002086521437114519,,
2021-02-26,0.016868924078034198,,
2021-03-01,-0.0007714348688561135,,
2021-03-02,0.01784104033547873,,
2021-03-03,0.03236362874765697,,
2021-03-04,0.053196655406570814,,
2021-03-05,0.03143463979135541,,
2021-03-08,0.03997801823962743,,
2021-03-09,0.010326569370187721,,
2021-03-10,0.0036652209263852153,,
2021-03-11,0.00031731203704166155,,
2021-03-12,-0.008322893790543073,,
2021-03-15,-0.020106124053273722,,
2021-03-16,-0.013422632491401076,,
2021-03-17,0.00010568377401787288,,
2021-03-18,0.014207781461182067,,
2021-03-19,0.01161483223020121,,
2021-03-22,0.008196742112221767,,
2021-03-23,0.027963033049313024,,
2021-03-24,0.04853772299274395,,
2021-03-25,0.04205631381857611,,
2021-03-26,0.026521308126223442,,
2021-03-29,0.031749469289288346,,
2021-03-30,0.04300817218425945,,
2021-03-31,0.03903959082682884,,
2021-04-01,0.0302795861557712,,
2021-04-05,0.011464205929017535,,
2021-04-06,0.023682233906243022,,
2021-04-07,0.025863062047329022,,
2021-04-08,0.016130646275355875,,
2021-04-09,0.0014871149002129158,,
2021-04-12,0.01100535611762643,,
2021-04-13,-0.0015960053988928191,,
2021-04-14,0.01345807896893314,,
2021-04-15,0.004124284844212234,,
2021-04-16,0.0002986522421615234,,
2021-04-19,0.004784711980515333,,
2021-04-20,0.018508128292067383,,
2021-04-21,0.0018569901902996122,,
2021-04-22,0.01394928149592034,,
2021-04-23,-0.003710375415354017,,
2021-04-26,-0.004783146512816305,,
2021-04-27,0.003558871861504942,,
2021-04-28,0.011813978839064987,,
2021-04-29,-0.005470773862808032,,
2021-04-30,-0.006952599392036185,,
2021-05-03,-0.03091593403710291,,
2021-05-04,-0.012524431766338662,,
2021-05-05,0.0015020671419214704,,
2021-05-06,-0.009122671731379817,,
2021-05-07,-0.02475310683740506,,
2021-05-10,-0.01736927679345246,,
2021-05-11,0.0016907107246935116,,
2021-05-12,0.022844963377175675,,
2021-05-13,0.020559270516717465,,
2021-05-14,0.003421301675910593,,
2021-05-17,0.00785436517753979,,
2021-05-18,0.01769694972903446,,
2021-05-19,0.02148612136997996,,
2021-05-20,0.010319490661486075,,
2021-05-21,0.012575014557757003,,
2021-05-24,-0.0010007028746380486,,
2021-05-25,0.009971037193210464,,
2021-05-26,0.007275994461378721,,
2021-05-27,0.006279636647559483,,
2021-05-28,0.0036725965781105874,,
2021-06-01,0.00883856412599604,,
2021-06-02,0.009343840004562454,,
2021-06-03,0.014858628379264438,,
2021-06-04,0.003948093212825743,,
2021-06-07,-0.0006672155816134229,,
2021-06-08,-0.0012774232008442299,,
2021-06-09,-0.012584280314251628,,
2021-06-10,-0.0033945244127402407,,
2021-06-11,-0.00023543593317387757,,
2021-06-14,-0.0031279743369797552,,
2021-06-15,0.004686112857610336,,
2021-06-16,0.013495276653171295,,
2021-06-17,0.01628429175766133,,
2021-06-18,0.0300855644493514,,
2021-06-21,0.017210322879953832,,
2021-06-22,0.017308616158476342,,
2021-06-23,0.026050016030779055,,
2021-06-24,0.01805934151960975,,
2021-06-25,0.018088163150886682,,
2021-06-28,0.007040956880257188,,
2021-06-29,0.018115942028985588,,
2021-06-30,0.020274578243164587,,
2021-07-01,0.011405250998856475,,
2021-07-02,0.005045561697845313,,
2021-07-06,0.003796442533049005,,
2021-07-07,-0.007106258877087268,,
2021-07-08,-0.014425502566642434,,
2021-07-09,-0.010639539540684972,,
2021-07-12,-0.005916120630475197,,
2021-07-13,-0.00039595258639446573,,
2021-07-14,0.008570514139405017,,
2021-07-15,0.014282011821019625,,
2021-07-16,0.01717061536897191,,
2021-07-19,0.03338037661236748,,
2021-07-20,0.022227311210114786,,
2021-07-21,0.008390135568255852,,
2021-07-22,0.00450603093774915,,
2021-07-23,0.0025749185704668776,,
2021-07-26,-0.004441127919860732,,
2021-07-27,0.00627973445175023,,
2021-07-28,0.008153359511343883,,
2021-07-29,0.0029869997623979128,,
2021-07-30,0.009439714601638949,,
2021-08-02,0.012593568504453811,,
2021-08-03,0.008518815776087152,,
2021-08-04,0.01484102792402786,,
2021-08-05,0.011426700684111779,,
2021-08-06,0.0026056458665799642,,
2021-08-09,-0.007237695579094594,,
2021-08-10,-0.006975826900321169,,
2021-08-11,-0.000166576250278494,,
2021-08-12,0.004192044978176712,,
2021-08-13,0.0040801253357205525,,
2021-08-16,0.0036788095657975806,,
2021-08-17,0.004927968921422332,,
2021-08-18,0.024793933099559684,,
2021-08-19,0.02791547505560854,,
2021-08-20,0.018238635468191156,,
2021-08-23,0.0099474721678392,,
2021-08-24,0.01130570657322516,,
2021-08-25,0.008727389189513879,,
2021-08-26,0.01119239373601788,,
2021-08-27,0.00104227419794789,,
2021-08-30,-0.007840946477977617,,
2021-08-31,-0.014173012461637824,,
2021-09-01,-0.01223671500788015,,
2021-09-02,-0.020696723569799014,,
2021-09-03,-0.012067213031620061,,
2021-09-07,-0.01023887009599489,,
2021-09-08,-0.01796161778616634,,
2021-09-09,-0.030167272015098168,,
2021-09-10,-0.02341328405007881,,
2021-09-13,-0.01635587739693367,,
2021-09-14,0.0013346687523208,,
2021-09-15,-0.0056285848193363686,,
2021-09-16,-0.006848840458228644,,
2021-09-17,-0.018127719665507858,,
2021-09-20,0.00039699568353257497,,
2021-09-21,-0.010713818184323487,,
2021-09-22,-0.008781428870426211,,
2021-09-23,-0.033382932717162084,,
2021-09-24,-0.024634831712856853,,
2021-09-27,-0.01790637638951087,,
2021-09-28,0.010827936213277933,,
2021-09-29,0.007312832323269403,,
2021-09-30,0.01245490465555732,,
2021-10-01,-0.0014665919982373987,,
2021-10-04,0.014728656934374529,,
2021-10-05,0.021294515063096542,,
2021-10-06,0.02470923903702249,,
2021-10-07,0.0197056203065622,,
2021-10-08,0.029214317269899315,,
2021-10-11,0.04012666267692988,,
2021-10-12,0.045770172273108756,,
2021-10-13,0.041500527063568216,,
2021-10-14,0.028889700017574294,,
2021-10-15,0.023129376455091055,,
2021-10-18,0.014537073773086107,,
2021-10-19,0.016990328854353143,,
2021-10-20,0.01525288843721273,,
2021-10-21,0.014042437216744696,,
2021-10-22,0.01886730181082097,,
2021-10-25,0.020604491862441066,,
2021-10-26,0.02301089230325326,,
2021-10-27,0.032043113751405894,,
2021-10-28,0.022904782417620506,,
2021-10-29,0.0173427599894036,,
2021-11-01,0.0071613270996842004,,
2021-11-02,0.0040210337641586325,,
2021-11-03,0.004780531136749477,,
2021-11-04,0.0005854625795396196,,
2021-11-05,0.0007173982922941136,,
2021-11-08,-0.0027713380266711773,,
2021-11-09,0.004117176244597509,,
2021-11-10,0.011029308908883984,,
2021-11-11,0.007241997130732258,,
2021-11-12,0.001676329585615477,,
2021-11-15,0.0039847954215426196,,
2021-11-16,-0.022608436682337363,,
2021-11-17,-0.007123555293931938,,
2021-11-18,-0.029235589451891197,,
2021-11-19,-0.03936176553227355,,
2021-11-22,-0.02260118643416298,,
2021-11-23,-0.032462105869059954,,
2021-11-24,-0.023352320343042354,,
2021-11-26,0.020051712655235976,,
2021-11-29,0.009868385721988115,,
2021-11-30,0.02199474490913067,,
2021-12-01,0.044090014712920844,,
2021-12-02,0.02007166109545344,,
2021-12-03,0.021077773591307913,,
2021-12-06,0.025737912349973024,,
2021-12-07,-0.0038576838960899806,,
2021-12-08,-0.01713814103177691,,
2021-12-09,-0.02130285273543353,,
2021-12-10,-0.013325495222855754,,
2021-12-13,0.005909226231909814,,
2021-12-14,0.019788135318908218,,
2021-12-15,0.01727018907183875,,
2021-12-16,0.025206322143137116,,
2021-12-17,0.03731517711832133,,
2021-12-20,0.04612720609804666,,
2021-12-21,0.02515470303684708,,
2021-12-22,0.021292179808199974,,
2021-12-23,0.014336227382088396,,
2021-12-27,-0.018911794355890632,,
2021-12-28,-0.01886615061581376,,
2021-12-29,-0.024207917280401392,,
2021-12-30,-0.02269222157351425,,
2021-12-31,-0.011143095728654906,,
2022-01-03,-0.014637573594409314,,
2022-01-04,-0.028060681667410714,,
2022-01-05,-0.008026669049351232,,
2022-01-06,-0.025327668998413655,,
2022-01-07,-0.03084649873958467,,
2022-01-10,-0.040160247008215855,,
2022-01-11,-0.06686300012518387,,
2022-01-12,-0.06690575179578329,,
2022-01-13,-0.06494484903509956,,
2022-01-14,-0.06710917142949058,,
2022-01-18,-0.05475070513926894,,
2022-01-19,-0.02226237435911005,,
2022-01-20,0.007321431359908148,,
2022-01-21,0.03378854645584073,,
2022-01-24,0.04064506034969484,,
2022-01-25,0.02777261302207057,,
2022-01-26,0.03462124677868372,,
2022-01-27,0.036371116673716175,,
2022-01-28,0.020237598294166048,,
2022-01-31,0.015862962429825878,,
2022-02-01,-0.009338969853998846,,
2022-02-02,-0.037203282360580237,,
2022-02-03,-0.01692261649513993,,
2022-02-04,-0.006545895705616922,,
2022-02-07,-0.00197597164949026,,
2022-02-08,-0.03124599141000628,,
2022-02-09,-0.05195130777514734,,
2022-02-10,-0.04425321042255015,,
2022-02-11,-0.04371028189669224,,
2022-02-14,-0.025665258867657137,,
2022-02-15,-0.019328706551228203,,
2022-02-16,-0.02258542439011324,,
2022-02-17,-0.01689397433029094,,
2022-02-18,0.008662020248938251,,
2022-02-22,0.013643037010193204,,
2022-02-23,0.024463377115134355,,
2022-02-24,-0.020428101755776695,,
2022-02-25,-0.04879522880959708,,
2022-02-28,-0.021961892481378253,,
2022-03-01,-0.010853966086580846,,
2022-03-02,-0.04154299288277308,,
2022-03-03,-0.04363021343007545,,
2022-03-04,-0.01534349610868424,,
2022-03-07,0.03731650595440694,,
2022-03-08,0.0577768719879157,,
2022-03-09,0.04330182239801017,,
2022-03-10,0.04734336263240935,,
2022-03-11,0.07309166070056672,,
2022-03-14,0.06784628250872848,,
2022-03-15,0.06046053326138723,,
2022-03-16,0.04249792329262547,,
2022-03-17,0.037140130608137145,,
2022-03-18,0.037749377117352934,,
2022-03-21,0.031666509757507955,,
2022-03-22,0.004167026848508559,,
2022-03-23,0.02011112507405355,,
2022-03-24,0.013822519556830004,,
2022-03-25,-0.003948880270126409,,
2022-03-28,-0.02062497814456077,,
2022-03-29,-0.02836816650833407,,
2022-03-30,-0.024806353138002613,,
2022-03-31,-0.026019720069486052,,
2022-04-01,-0.032647287861922725,,
2022-04-04,-0.029688127367630934,,
2022-04-05,-0.029287621101760752,,
2022-04-06,-0.01996362540865626,,
2022-04-07,-0.008444050388759616,,
2022-04-08,-0.006423396044810015,,
2022-04-11,-0.004276458177054909,,
2022-04-12,-0.028577925843386476,,
2022-04-13,-0.03383941402288049,,
2022-04-14,-0.049490164117297564,,
2022-04-18,-0.04730069745359977,,
2022-04-19,-0.039153244692652356,,
2022-04-20,-0.0734440345782551,,
2022-04-21,-0.05423268983034635,,
2022-04-22,-0.022543295768976956,,
2022-04-25,0.0009427110974553621,,
2022-04-26,-0.006785303698026435,,
2022-04-27,-0.014488666239638959,,
2022-04-28,-0.06909854227405254,,
2022-04-29,-0.03167527039422258,,
2022-05-02,-0.05299154349301394,,
2022-05-03,-0.05877168612949879,,
2022-05-04,-0.06424862272886889,,
2022-05-05,-0.03348549628997288,,
2022-05-06,-0.008364578230269704,,
2022-05-09,-0.01692707028392182,,
2022-05-10,-0.02505842216418197,,
2022-05-11,-0.008594270147744165,,
2022-05-12,0.01111173309449165,,
2022-05-13,-0.020480182112334044,,
2022-05-16,-0.007305370994583393,,
2022-05-17,-0.007584039522114949,,
2022-05-18,0.05978061411735913,,
2022-05-19,0.0593110626309028,,
2022-05-20,0.05123085283080764,,
2022-05-23,0.05110286253538843,,
2022-05-24,0.04238509392410972,,
2022-05-25,0.035865715944535026,,
2022-05-26,0.025343532519764178,,
2022-05-27,-0.010213455692792972,,
2022-05-31,-0.027668405067579727,,
2022-06-01,-0.04885607488485144,,
2022-06-02,-0.10227637293443326,,
2022-06-03,-0.0908011118304799,,
2022-06-06,-0.08041868962957044,,
2022-06-07,-0.11870896103521544,,
2022-06-08,-0.10713183681303873,,
2022-06-09,-0.0629769377423578,,
2022-06-10,-0.036138184913070526,,
2022-06-13,0.01229454639524441,,
2022-06-14,0.047185368413162454,,
2022-06-15,0.029055485634526867,,
2022-06-16,0.04221153767484731,,
2022-06-17,0.03918265829260581,,
2022-06-21,0.005469096549874042,,
2022-06-22,0.017404764501089076,,
2022-06-23,0.009394767277967508,,
2022-06-24,-0.01704100988306989,,
2022-06-27,0.0006435715915704687,,
2022-06-28,0.0203660818254372,,
2022-06-29,0.009322226964803226,,
2022-06-30,0.008828704119533626,,
2022-07-01,-0.006156331610606025,,
2022-07-05,-0.010703687173584497,,
2022-07-06,0.004702112829902072,,
2022-07-07,-0.018390209654027267,,
2022-07-08,0.0095681877631828,,
2022-07-11,0.02736331960886562,,
2022-07-12,0.04717450508012977,,
2022-07-13,0.042046094197981,,
2022-07-14,0.04655469900115561,,
2022-07-15,0.01498514169747045,,
2022-07-18,0.05031781458423068,,
2022-07-19,0.03448074397526857,,
2022-07-20,0.043028864365261654,,
2022-07-21,0.029927856062216485,,
2022-07-22,0.032703710341450254,,
2022-07-25,0.04747607667564102,,
2022-07-26,0.05888473750653511,,
2022-07-27,0.03021664624553555,,
2022-07-28,0.016606792504720858,,
2022-07-29,-0.0018933295240769477,,
2022-08-01,0.022242833175109222,,
2022-08-02,0.02837316282059743,,
2022-08-03,0.03007819174666726,,
2022-08-04,0.03497160363589091,,
2022-08-05,0.03860136688547455,,
2022-08-08,0.03236184982826318,,
2022-08-09,0.03911975102305165,,
2022-08-10,0.00433229459603246,,
2022-08-11,-0.016466734961150697,,
2022-08-12,-0.03537726481548542,,
2022-08-15,-0.03638931940779211,,
2022-08-16,-0.0246399702685125,,
2022-08-17,-0.05062657345275201,,
2022-08-18,-0.05909088786901162,,
2022-08-19,-0.05730664446798839,,
2022-08-22,-0.044221953170500594,,
2022-08-23,-0.03920818266149628,,
2022-08-24,-0.05228737650243798,,
2022-08-25,-0.06928356417535098,,
2022-08-26,-0.01917114790297858,,
2022-08-29,-0.006061117299862917,,
2022-08-30,0.02037048186726076,,
2022-08-31,0.03929456384323626,,
2022-09-01,-0.008611366701538947,,
2022-09-02,0.00554244621915978,,
2022-09-06,-0.0017501707951763645,,
2022-09-07,-0.026769718608899318,,
2022-09-08,-0.026531508818874783,,
2022-09-09,-0.05198212108099609,,
2022-09-12,-0.07796789128091841,,
2022-09-13,-0.044422519954535056,,
2022-09-14,-0.06405964505918638,,
2022-09-15,-0.0631345559870301,,
2022-09-16,-0.05835805366441793,,
2022-09-19,-0.04637310283110552,,
2022-09-20,-0.0558775703915787,,
2022-09-21,-0.05390864738926571,,
2022-09-22,-0.021170891886354126,,
2022-09-23,0.02645380872569536,,
2022-09-26,0.03508579933461742,,
2022-09-27,0.02665814892701146,,
2022-09-28,-0.021344217862674264,,
2022-09-29,-0.007713289767530052,,
2022-09-30,0.0008980315817070927,,
2022-10-03,-0.027566108366884667,,
2022-10-04,-0.03192356492997761,,
2022-10-05,-0.0529196887357003,,
2022-10-06,-0.017777979554121748,,
2022-10-07,0.022067995362204273,,
2022-10-10,0.022912808417695718,,
2022-10-11,0.02143868213684641,,
2022-10-12,0.049124553050994724,,
2022-10-13,0.0347229223604939,,
2022-10-14,0.07704008015472774,,
2022-10-17,0.04150409875066274,,
2022-10-18,0.02347324447980914,,
2022-10-19,0.05572153844488459,,
2022-10-20,0.05624996590084508,,
2022-10-21,0.02753980414362789,,
2022-10-24,-0.009914835121427101,,
2022-10-25,-0.03607567547957957,,
2022-10-26,-0.015676395342766103,,
2022-10-27,-0.00013132666193893527,,
2022-10-28,-0.01870004562862393,,
2022-10-31,-0.03187258198647713,,
2022-11-01,0.02600295635486627,,
2022-11-02,0.06203702964872093,,
2022-11-03,0.06380833841860922,,
2022-11-04,0.058659877206242994,,
2022-11-07,0.03992592203425449,,
2022-11-08,0.030942162059083955,,
2022-11-09,0.05782738484275329,,
2022-11-10,-0.0016252271653055539,,
2022-11-11,0.0026672143012775873,,
2022-11-14,0.017691578747867975,,
2022-11-15,0.008615312157886468,,
2022-11-16,0.001300902548506011,,
2022-11-17,0.0028049744587692604,,
2022-11-18,0.028943293639385193,,
2022-11-21,0.03205871481592126,,
2022-11-22,0.017014771779257476,,
2022-11-23,-0.007056907177584781,,
2022-11-25,-0.021077364807804977,,
2022-11-28,-0.0075732730566052675,,
2022-11-29,0.0014857376763366403,,
2022-11-30,-0.0357171742918696,,
2022-12-01,-0.02109861967291138,,
2022-12-02,-0.012783358302428938,,
2022-12-05,-0.0008802552740294622,,
2022-12-06,-0.011547068703917085,,
2022-12-07,-0.02073250091511769,,
2022-12-08,-0.03679819150197683,,
2022-12-09,-0.02866017009033195,,
2022-12-12,-0.02809630728519308,,
2022-12-13,-0.049073924346647146,,
2022-12-14,-0.03766907281519383,,
2022-12-15,-0.017069883847782852,,
2022-12-16,-0.01794744001079862,,
2022-12-19,0.008282560521366555,,
2022-12-20,0.004678644135209797,,
2022-12-21,-0.014000474417549369,,
2022-12-22,0.008000230222452442,,
2022-12-23,-0.009550512117602494,,
2022-12-27,0.017191356009662373,,
2022-12-28,0.028777073498237105,,
2022-12-29,0.018177425388643975,,
2022-12-30,0.03388722489907536,,
2023-01-03,0.04158582060280236,,
2023-01-04,0.0379239911029674,,
2023-01-05,0.04802132296945971,,
2023-01-06,0.008672479127514787,,
2023-01-09,0.0017368560336477046,,
2023-01-10,0.013614849779932436,,
2023-01-11,0.01264607858202682,,
2023-01-12,0.00848068247149869,,
2023-01-13,0.004283474490446526,,
2023-01-17,0.01740429018509282,,
2023-01-18,0.03606644166501227,,
2023-01-19,0.030501301665875946,,
2023-01-20,0.026176745263189583,,
2023-01-23,0.02472753687363327,,
2023-01-24,0.04053075094287961,,
2023-01-25,0.029943578788014458,,
2023-01-26,0.012474048315080033,,
2023-01-27,0.022955072520734365,,
2023-01-30,0.02491182919878443,,
2023-01-31,0.001201982043860017,,
2023-02-01,-0.006979493640770884,,
2023-02-02,-0.010160870480601769,,
2023-02-03,-8.461300429341012e-05,,
2023-02-06,0.008883310468295491,,
2023-02-07,-0.01767291066282428,,
2023-02-08,-0.009415084534199702,,
2023-02-09,-0.020619870145779706,,
2023-02-10,-0.02430289013949527,,
2023-02-13,-0.030205762709406336,,
2023-02-14,-0.04015589451975643,,
2023-02-15,-0.03986883981097511,,
2023-02-16,-0.029400475746929944,,
2023-02-17,-0.031306002073992034,,
2023-02-21,-0.0040001601064708625,,
2023-02-22,0.013678104759399012,,
2023-02-23,0.008997288351876298,,
2023-02-24,0.004113308682028416,,
2023-02-27,0.0024533930652095304,,
2023-02-28,-0.013054922358097243,,
2023-03-01,-0.02272617990124992,,
2023-03-02,-0.03154457658834309,,
2023-03-03,-0.031231152549411223,,
2023-03-06,-0.03865458623364182,,
2023-03-07,-0.006544801410807266,,
2023-03-08,-0.018880213225918818,,
2023-03-09,0.008485779619836986,,
2023-03-10,0.0365859658845189,,
2023-03-13,0.021061995559889413,,
2023-03-14,0.007509013112068752,,
2023-03-15,0.020313828871536765,,
2023-03-16,0.004355752623551812,,
2023-03-17,0.013948180072715477,,
2023-03-20,0.01929359722844337,,
2023-03-21,0.011981403343101382,,
2023-03-22,0.04377478111339439,,
2023-03-23,0.044518223626896836,,
2023-03-24,0.03263921591341212,,
2023-03-27,0.028371879030453462,,
2023-03-28,0.03367940230707056,,
2023-03-29,0.020184666108878035,,
2023-03-30,0.014345208265960308,,
2023-03-31,-0.0042245535138504264,,
2023-04-03,0.005263655561509095,,
2023-04-04,0.00903282446471243,,
2023-04-05,0.014898371300465785,,
2023-04-06,0.012143667996745267,,
2023-04-10,0.011051054851294095,,
2023-04-11,0.005074301401334802,,
2023-04-12,0.010158970661909406,,
2023-04-13,-0.002214064859076492,,
2023-04-14,-0.01595353873222427,,
2023-04-17,-0.022963780195215056,,
2023-04-18,-0.00469810126429937,,
2023-04-19,0.0036008973359134,,
2023-04-20,0.00922080783768675,,
2023-04-21,-0.0033724283419459544,,
2023-04-24,-0.011189159398990567,,
2023-04-25,-0.0025567156151222736,,
2023-04-26,0.019788017228839383,,
2023-04-27,0.0006698344759208386,,
2023-04-28,-0.012066252866064664,,
2023-05-01,-0.007253105303188345,,
2023-05-02,0.0026798848426294875,,
2023-05-03,0.008147650186396183,,
2023-05-04,0.018482130985270517,,
2023-05-05,-0.0063705046841947555,,
2023-05-08,0.0049901887813790236,,
2023-05-09,0.019149488853337004,,
2023-05-10,0.013133090360688549,,
2023-05-11,0.015012274186441799,,
2023-05-12,0.005213283932416379,,
2023-05-15,-0.0050866962584738,,
2023-05-16,0.010068371493223705,,
2023-05-17,0.011224472620510184,,
2023-05-18,0.0017793975774467174,,
2023-05-19,-0.002898391690799973,,
2023-05-22,0.0067714060148404975,,
2023-05-23,0.03299658913831105,,
2023-05-24,0.03852752208862675,,
2023-05-25,0.031934728565647275,,
2023-05-26,0.014759419324923861,,
2023-05-30,0.02102237059864165,,
2023-05-31,0.028477234720072353,,
2023-06-01,0.02793400647236921,,
2023-06-02,0.02023178753820898,,
2023-06-05,0.02311765435363,,
2023-06-06,0.03314541825694173,,
2023-06-07,0.03329099805038993,,
2023-06-08,0.022073019355229206,,
2023-06-09,0.015545981958007493,,
2023-06-12,0.009901058555911169,,
2023-06-13,-0.0047333377584396485,,
2023-06-14,-0.010010085555700488,,
2023-06-15,-0.010716609728322779,,
2023-06-16,-0.007422458777346708,,
2023-06-20,0.0017613376140139803,,
2023-06-21,0.01939899534781464,,
2023-06-22,0.016819226406870058,,
2023-06-23,0.022650074856324087,,
2023-06-26,0.01912068415873147,,
2023-06-27,0.004691200687007457,,
2023-06-28,0.007464255196647951,,
2023-06-29,0.00973969848331846,,
2023-06-30,0.004893964110929794,,
2023-07-03,0.012220603780868533,,
2023-07-05,0.013177956382313782,,
2023-07-06,0.02520633150406093,,
2023-07-07,0.035469828027142825,,
2023-07-10,0.03542100858821695,,
2023-07-11,0.021537373346008026,,
2023-07-12,0.014351007119602244,,
2023-07-13,0.009889047547250174,,
2023-07-14,0.013770081368662535,,
2023-07-17,0.009719664189582033,,
2023-07-18,-0.0038573166073176957,,
2023-07-19,0.0036160780774991963,,
2023-07-20,0.011927574550097297,,
2023-07-21,0.008903653606211037,,
2023-07-24,-0.009056698224228499,,
2023-07-25,-0.01435590021587485,,
2023-07-26,-0.0194273827119944,,
2023-07-27,-0.0041807991783859855,,
2023-07-28,-0.018080716157853116,,
2023-07-31,-0.026422108713085368,,
2023-08-01,-0.02357578445746189,,
2023-08-02,-0.010931915921292057,,
2023-08-03,-0.002703309054641556,,
2023-08-04,-0.008970462457821848,,
2023-08-07,-0.025254291304078302,,
2023-08-08,-0.028675061897417087,,
2023-08-09,-0.02193517484348806,,
2023-08-10,-0.015453709360167989,,
2023-08-11,-0.017136904828574995,,
2023-08-14,-0.011962884099676607,,
2023-08-15,-0.01386929736404463,,
2023-08-16,0.0003133280203799771,,
2023-08-17,0.014403847737944009,,
2023-08-18,0.029274253897855873,,
2023-08-21,0.026160458387597396,,
2023-08-22,0.027375186607559998,,
2023-08-23,0.017980121776100644,,
2023-08-24,0.027539182553338204,,
2023-08-25,0.01356648531110749,,
2023-08-28,0.004021825678781843,,
2023-08-29,-0.008924700342180292,,
2023-08-30,-0.006071049664774342,,
2023-08-31,-0.010151608595146966,,
2023-09-01,-0.010702493705392668,,
2023-09-05,0.001839073302748906,,
2023-09-06,-0.00339493178784811,,
2023-09-07,0.0005369410982354328,,
2023-09-08,-0.0030375839317642317,,
2023-09-11,-0.018999612252811215,,
2023-09-12,-0.029561397610883167,,
2023-09-13,-0.03298981071933793,,
2023-09-14,-0.03721560009766722,,
2023-09-15,-0.039725233241654556,,
2023-09-18,-0.04019732661506703,,
2023-09-19,-0.032459861159554015,,
2023-09-20,-0.02593021670982687,,
2023-09-21,-0.009609699769053015,,
2023-09-22,-0.02097424572806872,,
2023-09-25,-0.01698928400162303,,
2023-09-26,-0.0035895383909789746,,
2023-09-27,0.007951788626064715,,
2023-09-28,0.008363374188896877,,
2023-09-29,0.016368745700259923,,
2023-10-02,0.02065110682563831,,
2023-10-03,0.028410313397723153,,
2023-10-04,0.015017296980357697,,
2023-10-05,0.02711011016417797,,
2023-10-06,0.015016827202042338,,
2023-10-09,-0.004857391954166013,,
2023-10-10,-0.01841110172913829,,
2023-10-11,-0.03490786963524828,,
2023-10-12,-0.030478594632622147,,
2023-10-13,-0.018508334527170822,,
2023-10-16,-0.04272423593216612,,
2023-10-17,-0.0539581999451203,,
2023-10-18,-0.0457122328836973,,
2023-10-19,-0.025988779803646667,,
2023-10-20,-0.00718722775652425,,
2023-10-23,0.004937112287291434,,
2023-10-24,0.016503126412535707,,
2023-10-25,0.04097908411496198,,
2023-10-26,0.05529061715205574,,
2023-10-27,0.06339240826061299,,
2023-10-30,0.05182849271146828,,
2023-10-31,0.03661357241642427,,
2023-11-01,0.041856031110041325,,
2023-11-02,0.021717178735368714,,
2023-11-03,0.031516586590307316,,
2023-11-06,0.03135607584093392,,
2023-11-07,0.029659371731096895,,
2023-11-08,0.029944464472321464,,
2023-11-09,0.04601193830724459,,
2023-11-10,0.027846730868537062,,
2023-11-13,0.03288413369450649,,
2023-11-14,0.0141557488266566,,
2023-11-15,0.010559908325338485,,
2023-11-16,0.010347718843717324,,
2023-11-17,0.008099210902920095,,
2023-11-20,0.004490497825121231,,
2023-11-21,0.012436676296056381,,
2023-11-22,0.0028881056572633845,,
2023-11-24,0.0017195471274351615,,
2023-11-27,-0.00023953780192209617,,
2023-11-28,0.006740009089132748,,
2023-11-29,0.011820471236633656,,
2023-11-30,0.011961994833398881,,
2023-12-01,0.01067985887873446,,
2023-12-04,0.03004739834302761,,
2023-12-05,0.03336194325601349,,
2023-12-06,0.03733508596851398,,
2023-12-07,0.033794996936054034,,
2023-12-08,0.03561833649337487,,
2023-12-11,0.01642206280665648,,
2023-12-12,0.022191356030751397,,
2023-12-13,0.01009965817522085,,
2023-12-14,0.01169603034187583,,
2023-12-15,0.013220489109359912,,
2023-12-18,0.009026359754965574,,
2023-12-19,0.0003061842935845327,,
2023-12-20,0.009467153362350489,,
2023-12-21,-0.008835519039342654,,
2023-12-22,-0.013870690253500184,,
2023-12-26,-0.01623331064453637,,
2023-12-27,-0.0037728114974547866,,
2023-12-28,-0.005613220859857715,,
2023-12-29,0.002855447678428824,,
2024-01-02,0.007887695742837098,,
2024-01-03,0.01679557729217529,,
2024-01-04,0.016486516460922696,,
2024-01-05,0.008935034190290514,,
2024-01-08,0.003652745647144684,,
2024-01-09,0.01751497950173464,,
2024-01-10,0.014002445933374519,,
2024-01-11,0.017647649490402317,,
2024-01-12,0.0177096594151549,,
2024-01-16,0.026894783444328496,,
2024-01-17,0.032022214672909666,,
2024-01-18,0.030744999937250883,,
2024-01-19,0.017595732063862002,,
2024-01-22,-0.000985479637887865,,
2024-01-23,0.008549521029478147,,
2024-01-24,0.018498320855285355,,
2024-01-25,0.009940418784837535,,
2024-01-26,0.012934039669022512,,
2024-01-29,0.013622352590235698,,
2024-01-30,0.01481024249893892,,
2024-01-31,0.03734483505824815,,
2024-02-01,0.02357226279455138,,
2024-02-02,-0.001097081641830977,,
2024-02-05,0.011695776289195825,,
2024-02-06,0.015239502405015593,,
2024-02-07,0.0021040788298838375,,
2024-02-08,-0.00448187342309081,,
2024-02-09,-0.008914556729087697,,
2024-02-12,0.012981297691682547,,
2024-02-13,0.02738246415931611,,
2024-02-14,0.0137802912438858,,
2024-02-15,0.00963272382414182,,
2024-02-16,0.01282371438217833,,
2024-02-20,0.024270878764186987,,
2024-02-21,0.031169456822835118,,
2024-02-22,0.008633721444536446,,
2024-02-23,-0.001994576324477415,,
2024-02-26,0.0069493621696685715,,
2024-02-27,0.015592200355245334,,
2024-02-28,0.010637584422142243,,
2024-02-29,0.004252129498633073,,
2024-03-01,0.007434184400476607,,
2024-03-04,0.006696615636480718,,
2024-03-05,0.014143522392761954,,
2024-03-06,0.002415392692310725,,
2024-03-07,-0.0015395473653185832,,
2024-03-08,0.010699320216484676,,
2024-03-11,0.020844324083518107,,
2024-03-12,0.012803196741425937,,
2024-03-13,0.013333178453955208,,
2024-03-14,0.013146347524890967,,
2024-03-15,0.016902184640098072,,
2024-03-18,0.019239059932963265,,
2024-03-19,0.014645139238893101,,
2024-03-20,0.0036653383403961737,,
2024-03-21,-0.00681480407438273,,
2024-03-22,-0.004334967463862638,,
2024-03-25,-0.013602417696557567,,
2024-03-26,0.00014605329407824108,,
2024-03-27,-0.008783478676724021,,
2024-03-28,-0.008457754051405142,,
2024-04-01,-0.01585309805731372,,
2024-04-02,-0.0012966281904257526,,
2024-04-03,-0.01690111657126847,,
2024-04-04,-0.016589569883490363,,
2024-04-05,-0.02938509013630941,,
2024-04-08,-0.034634081643244774,,
2024-04-09,-0.038156129376515135,,
2024-04-10,-0.03747790971662446,,
2024-04-11,-0.03624886037091324,,
2024-04-12,-0.01031734723553257,,
2024-04-15,0.0019380380969691302,,
2024-04-16,-0.0005919139408600005,,
2024-04-17,0.015481232365830877,,
2024-04-18,0.020963377448554477,,
2024-04-19,0.013782329386801129,,
2024-04-22,0.0015547040274617174,,
2024-04-23,-0.0012523296289357333,,
2024-04-24,0.011073363001638414,,
2024-04-25,0.026210180610963363,,
2024-04-26,0.017204056502403864,,
2024-04-29,0.013975297927942165,,
2024-04-30,0.03542513538363168,,
2024-05-01,0.04070827496467988,,
2024-05-02,0.03104537735476498,,
2024-05-03,0.023185426860304448,,
2024-05-06,0.024593011809123766,,
2024-05-07,0.021088343581934232,,
2024-05-08,0.02228360709143029,,
2024-05-09,0.018037697925616936,,
2024-05-10,0.018904087556580018,,
2024-05-13,0.016392092572518724,,
2024-05-14,0.004033026599678191,,
2024-05-15,-0.0006461761630698337,,
2024-05-16,0.001687715920031696,,
2024-05-17,-0.006848604728780683,,
2024-05-20,-0.013686552514727501,,
2024-05-21,-0.008249693220405807,,
2024-05-22,-0.004448832770241773,,
2024-05-23,0.004461031466407528,,
2024-05-24,0.009295495332458437,,
2024-05-28,0.008842752787389552,,
2024-05-29,0.015196650813089185,,
2024-05-30,0.023934768158793585,,
2024-05-31,0.018533361376861235,,
2024-06-03,0.02604951357080676,,
2024-06-04,0.026911897553360653,,
2024-06-05,0.014488151915473146,,
2024-06-06,0.02246794296987087,,
2024-06-07,0.026190436114524207,,
2024-06-10,0.020963328166184514,,
2024-06-11,0.016612964437466182,,
2024-06-12,0.004951088630758438,,
2024-06-13,0.006544295457640681,,
2024-06-14,0.008524191766698497,,
2024-06-17,0.0017613000001828194,,
2024-06-18,-0.0048386832220710385,,
2024-06-20,0.0003508021859361943,,
2024-06-21,0.008123163184265314,,
2024-06-24,0.01636419371240505,,
2024-06-25,0.01789808567824025,,
2024-06-26,0.017333284652877978,,
2024-06-27,0.017164368296165966,,
2024-06-28,0.03176094409282704,,
2024-07-01,0.019990538968309268,,
2024-07-02,0.019302923755810886,,
2024-07-03,0.017012761377058316,,
2024-07-05,0.01796417941546813,,
2024-07-08,0.002766986371425695,,
2024-07-09,-0.005807802789323135,,
2024-07-10,-0.022881089687268652,,
2024-07-11,-0.003604594111600967,,
2024-07-12,-0.01061554489034533,,
2024-07-15,-0.03624259041557609,,
2024-07-16,-0.04728613777526813,,
2024-07-17,-0.023114488025811175,,
2024-07-18,-0.014617852717694224,,
2024-07-19,-0.012454132606721235,,
2024-07-22,-0.007567738538317603,,
2024-07-23,-0.019630148279077053,,
2024-07-24,-0.014845784051607303,,
2024-07-25,-0.03942976948522203,,
2024-07-26,-0.04012932534666902,,
2024-07-29,-0.0483276410532365,,
2024-07-30,-0.021545349530207147,,
2024-07-31,-0.032258298172862854,,
2024-08-01,-0.018780247783971138,,
2024-08-02,0.016434866531003012,,
2024-08-05,0.05184398216079589,,
2024-08-06,0.05786035576132198,,
2024-08-07,0.06822771420328877,,
2024-08-08,0.0543190752184024,,
2024-08-09,0.047333912158318725,,
2024-08-12,0.05172900929759994,,
2024-08-13,0.02506426616958901,,
2024-08-14,0.03288599338980536,,
2024-08-15,0.013281089330750007,,
2024-08-16,0.01288202727641008,,
2024-08-19,-0.002865421477287855,,
2024-08-20,-0.0009219026928134477,,
2024-08-21,0.004901393917289942,,
2024-08-22,-0.007487470021397935,,
2024-08-23,-0.020327937514752592,,
2024-08-26,-0.02019462900848168,,
2024-08-27,-0.03863983788972236,,
2024-08-28,-0.02166060463003694,,
2024-08-29,-0.01724618917159626,,
2024-08-30,-0.01668968203385024,,
2024-09-03,0.012087329736495178,,
2024-09-04,0.019193597182644462,,
2024-09-05,0.023563572403291877,,
2024-09-06,0.04181627906116758,,
2024-09-09,0.026907083649390984,,
2024-09-10,0.03969051154394854,,
2024-09-11,0.026722456982461784,,
2024-09-12,0.021946974137561304,,
2024-09-13,0.01900277638543768,,
2024-09-16,0.01582967784999001,,
2024-09-17,0.01966251255639273,,
2024-09-18,0.021342906878642154,,
2024-09-19,0.008547965920148837,,
2024-09-20,0.001087232904577684,,
2024-09-23,-0.0015790660951950919,,
2024-09-24,-0.005754474588038017,,
2024-09-25,0.005034724042598526,,
2024-09-26,-0.0086034493862015,,
2024-09-27,0.0022585597847397665,,
2024-09-30,0.005129735808193869,,
2024-10-01,0.012489599299321252,,
2024-10-02,0.018476094396396192,,
2024-10-03,0.028054681277347004,,
2024-10-04,0.011161401269676796,,
2024-10-07,0.025725341207948338,,
2024-10-08,0.01570821734163541,,
2024-10-09,0.012539623345142692,,
2024-10-10,0.012790546794577695,,
2024-10-11,0.006220088288452441,,
2024-10-14,-0.010653856327380473,,
2024-10-15,-0.0009285913269571067,,
2024-10-16,-0.005879362666817323,,
2024-10-17,-0.0030728566610801478,,
2024-10-18,-0.005413774347064693,,
2024-10-21,-0.0068859135152493645,,
2024-10-22,-0.0249094202898551,,
2024-10-23,-0.011836299595337163,,
2024-10-24,-0.01672501574908858,,
2024-10-25,-0.0043663009717429535,,
2024-10-28,0.0181196252438387,,
2024-10-29,0.024032560021395755,,
2024-10-30,0.03128316536714326,,
2024-10-31,0.05186269268856969,,
2024-11-01,0.04454510543220214,,
2024-11-04,0.04773407974176802,,
2024-11-05,0.028776916213019366,,
2024-11-06,-0.009853197144900405,,
2024-11-07,-0.013306323349684512,,
2024-11-08,-0.013103073284474909,,
2024-11-11,-0.014036841710615255,,
2024-11-12,-0.005895731777626589,,
2024-11-13,-0.0026798632668267874,,
2024-11-14,0.00642106377864482,,
2024-11-15,0.025723007109981655,,
2024-11-18,0.017836236472660305,,
2024-11-19,0.019503192506988398,,
2024-11-20,0.021976944826106015,,
2024-11-21,0.017007048587004636,,
2024-11-22,0.019625285207409693,,
2024-11-25,0.014654180383039561,,
2024-11-26,0.011398906940479625,,
2024-11-27,0.009020227581125528,,
2024-11-29,0.0004194032869282438,,
2024-12-02,0.006125199474132481,,
2024-12-03,0.0002264507725773246,,
2024-12-04,-0.0058161600528382484,,
2024-12-05,-0.00016954425516568783,,
2024-12-06,-0.0065120265603989536,,
2024-12-09,-0.02985205316503803,,
2024-12-10,-0.027809859633366463,,
2024-12-11,-0.02520302620398096,,
2024-12-12,-0.012754389588927939,,
2024-12-13,-0.0018261172780441592,,
2024-12-16,-0.006007494139030123,,
2024-12-17,-0.013183794691774775,,
2024-12-18,0.005922863137244105,,
2024-12-19,0.002479938913394708,,
2024-12-20,-0.01050439650303081,,
2024-12-23,-0.005289526235882636,,
2024-12-24,-0.010705227117701166,,
2024-12-26,-0.02129326436541734,,
2024-12-27,-0.008807805936853152,,
2024-12-30,-0.013526462093740532,,
2024-12-31,-0.007720648867745816,,
2025-01-02,-0.004369051980472216,,
2025-01-03,0.0012520046378019511,,
2025-01-06,-0.006366122321927681,,
2025-01-07,0.014829845169173295,,
2025-01-08,0.02213323195201289,,
2025-01-10,0.04450458551854797,,
2025-01-13,0.048402904619770926,,
2025-01-14,0.044212558468297525,,
2025-01-15,0.010482511500173874,,
2025-01-16,0.021955960076397885,,
2025-01-17,0.007112292509497076,,
2025-01-21,0.0036252487915837683,,
2025-01-22,-0.0075315828646631555,,
2025-01-23,-0.020288590242060867,,
2025-01-24,-0.01038477424261297,,
2025-01-27,0.008183251611701303,,
2025-01-28,0.0026154885706279885,,
2025-01-29,-0.0022055499717683613,,
2025-01-30,-0.0007790920036830906,,
2025-01-31,0.004630388393071616,,
2025-02-03,0.009575332342436571,,
2025-02-04,0.012784288525111487,,
2025-02-05,0.008768485584378816,,
2025-02-06,0.007562993439707233,,
2025-02-07,0.019608396296707964,,
2025-02-10,0.008420094816729451,,
2025-02-11,-0.009124165774079263,,
2025-02-12,-0.01135498027914883,,
2025-02-13,-0.02613543262791751,,
2025-02-14,-0.02593288555480866,,
2025-02-18,-0.04372403982002038,,
2025-02-19,-0.03086675943783923,,
2025-02-20,-0.04377590919196017,,
2025-02-21,-0.03907781804151922,,
2025-02-24,-0.02350227719049014,,
2025-02-25,-0.03639309852651018,,
2025-02-26,-0.031205192694499506,,
2025-02-27,-0.04214058690760314,,
2025-02-28,-0.06422537576622722,,
2025-03-03,-0.04280888657918669,,
2025-03-04,-0.04441386949109993,,
2025-03-05,-0.03486272449222361,,
2025-03-06,-0.011048144817827676,,
2025-03-07,-0.026955738102665383,,
2025-03-10,0.010816519905388677,,
2025-03-11,0.016299149149239023,,
2025-03-12,0.012190809565481464,,
2025-03-13,0.04456200466538185,,
2025-03-14,0.024421256477281217,,
2025-03-17,0.006533782545567357,,
2025-03-18,0.014007971987618273,,
2025-03-19,-0.016624701116594975,,
2025-03-20,-0.009013065766772743,,
2025-03-21,-0.006085511225289331,,
2025-03-24,-0.016748821427394756,,
2025-03-25,-0.06580457531614325,,
2025-03-26,-0.11171177479780114,,
2025-03-27,-0.11084237464673452,,
2025-03-28,-0.10718086917257652,,
2025-03-31,-0.027611215552803547,,
2025-04-01,-0.06479947879220382,,
2025-04-02,-0.054242924931713676,,
2025-04-03,0.0017511285050364478,,
2025-04-04,0.06356817393497938,,
2025-04-07,0.042165045187416705,,
2025-04-08,0.060193426547883844,,
2025-04-09,-0.0547380380802287,,
2025-04-10,0.0037414223479275144,,
2025-04-11,0.002330628561200365,,
2025-04-14,0.014576477486926587,,
2025-04-15,0.023825980287698112,,
2025-04-16,0.04796519893094753,,
2025-04-17,0.052649213470384426,,
2025-04-21,0.07965181652514453,,
2025-04-22,0.0598325188737765,,
2025-04-23,0.05781586574055142,,
2025-04-24,0.03019452046302762,,
2025-04-25,0.014786768285730334,,
2025-04-28,0.018544879041374696,,
2025-04-29,0.01854219603908036,,
2025-04-30,0.016313345519710643,,
2025-05-01,0.04283440456519627,,
2025-05-02,0.035148865680618036,,
2025-05-05,0.04286437372353724,,
2025-05-06,0.05529248730584224,,
2025-05-07,0.05808626102768821,,
2025-05-08,0.05290663389795802,,
2025-05-09,0.04956792599175608,,
2025-05-12,7.18662466483444e-05,,
2025-05-13,-0.007566401372620657,,
2025-05-14,-0.015232716399268265,,
2025-05-15,0.0007791202532394514,,
2025-05-16,-0.011719628489623046,,
2025-05-19,-0.008623985512106858,,
2025-05-20,-0.00484305929170481,,
2025-05-21,0.015626363435712554,,
2025-05-22,0.021971889811896794,,
2025-05-23,0.028949717551121745,,
2025-05-27,0.002999219797552799,,
2025-05-28,0.018987696461777448,,
2025-05-29,0.01585035612981356,,
2025-05-30,0.02150315730357999,,
2025-06-02,0.014538556656570112,,
2025-06-03,0.012543611199975935,,
2025-06-04,0.0010316858181720345,,
2025-06-05,0.015794790631892486,,
2025-06-06,-0.002939823610583314,,
2025-06-09,-0.004164252366014698,,
2025-06-10,-0.0117523154396314,,
2025-06-11,0.00048652992906306203,,
2025-06-12,0.00776145277457041,,
2025-06-13,0.01927230687120729,,
2025-06-16,0.017886297448579613,,
2025-06-17,0.031816631899871606,,
2025-06-18,0.037466121149598575,,
2025-06-20,0.03856839325451089,,
2025-06-23,0.03356751759701382,,
2025-06-24,0.030722992426356344,,
2025-06-25,0.02262251812165128,,
2025-06-26,0.013759929132294069,,
2025-06-27,0.014610234453845683,,
2025-06-30,0.01216931643284802,,
2025-07-01,0.009961261759822815,,
2025-07-02,0.006606267121857856,,
2025-07-03,-0.005667784085932492,,
2025-07-07,0.005412537439927645,,
2025-07-08,0.01153959829861595,,
2025-07-09,0.0053534421371617125,,
2025-07-10,0.00400289150794686,,
2025-07-11,0.00796677183593597,,
2025-07-14,0.014413198565539576,,
2025-07-15,0.019153522877240592,,
2025-07-16,0.019946676884269765,,
2025-07-17,0.01467440324199365,,
2025-07-18,0.011763136455241519,,
2025-07-21,0.009087160619132062,,
2025-07-22,0.004718192220767747,,
2025-07-23,-0.019012692426846667,,
2025-07-24,-0.0052503791242035636,,
2025-07-25,-0.014001415011645757,,
2025-07-28,-0.00699712196213631,,
2025-07-29,-0.004843930018867071,,
2025-07-30,0.004172625689544018,,
2025-07-31,0.005372756684791424,,
2025-08-01,0.03330389018292701,,
2025-08-04,0.021586302555790526,,
2025-08-05,0.026884408947817073,,
2025-08-06,0.01650733011192962,,
2025-08-07,0.01721608832807564,,
2025-08-08,0.003430655220715506,,
2025-08-11,0.0035035969529846334,,
2025-08-12,-0.011727088814972975,,
2025-08-13,5.103161176389648e-05,15.811513787552672,15.811513787552672
2025-08-14,-0.004517248096170157,-0.0629940788348712,-0.0629940788348712
2025-08-15,0.002502403175292267,-0.0629940788348712,-0.0629940788348712
2025-08-18,0.0050006590015738706,-0.0629940788348712,-0.0629940788348712
2025-08-19,0.014113988117984144,-0.0629940788348712,-0.0629940788348712
2025-08-20,0.010081647586377418,-0.0629940788348712,-0.0629940788348712
2025-08-21,0.007122258903608625,-0.0629940788348712,-0.0629940788348712
2025-08-22,-0.0028839121002147694,-0.0629940788348712,-0.0629940788348712
2025-08-25,0.009746370734798226,-0.0629940788348712,-0.0629940788348712
2025-08-26,0.002406455983198219,-0.0629940788348712,-0.0629940788348712
2025-08-27,0.002121455241151704,-0.0629940788348712,-0.0629940788348712
2025-08-28,0.0016533730347931819,-0.0629940788348712,-0.0629940788348712
2025-08-29,0.011111007916090099,-0.0629940788348712,-0.0629940788348712
2025-09-02,0.026798991199493694,-0.0629940788348712,-0.0629940788348712
2025-09-03,0.021095613390278878,-0.0629940788348712,-0.0629940788348712
2025-09-04,0.017409813475072644,-0.0629940788348712,-0.0629940788348712
2025-09-05,0.01932577335493324,-0.0629940788348712,-0.0629940788348712
2025-09-08,0.0161967006150745,-0.0629940788348712,-0.0629940788348712
2025-09-09,0.018325986048604248,-0.0629940788348712,-0.0629940788348712
2025-09-10,0.02025707129778742,-0.0629940788348712,-0.0629940788348712
2025-09-11,0.016133659811733425,-0.0629940788348712,-0.0629940788348712
2025-09-12,0.011030802106225535,-0.0629940788348712,-0.0629940788348712
2025-09-15,0.0034299379618096815,-0.0629940788348712,-0.0629940788348712
2025-09-16,-0.0003087746489959242,-0.0629940788348712,-0.0629940788348712
2025-09-17,0.006567833523979605,-0.0629940788348712,-0.0629940788348712
2025-09-18,0.004410460859233245,-0.0629940788348712,-0.0629940788348712
2025-09-19,0.0036162512229231947,-0.0629940788348712,-0.0629940788348712
2025-09-22,0.002606909430438842,-0.0629940788348712,-0.0629940788348712
2025-09-23,0.00877733246005663,-0.0629940788348712,-0.0629940788348712
2025-09-24,0.011723463649278232,-0.0629940788348712,-0.0629940788348712
2025-09-25,0.020524715657893156,-0.0629940788348712,-0.0629940788348712
2025-09-26,0.010670259042401042,-0.0629940788348712,-0.0629940788348712
2025-09-29,0.013887867219319006,-0.0629940788348712,-0.0629940788348712
2025-09-30,0.006974699706658871,-0.0629940788348712,-0.0629940788348712
2025-10-01,-0.023645547741089512,-0.0629940788348712,-0.0629940788348712
2025-10-02,-0.009028568875784626,-0.0629940788348712,-0.0629940788348712
2025-10-03,-0.010643572833575754,-0.0629940788348712,-0.0629940788348712
2025-10-06,-0.010269603043196907,-0.0629940788348712,-0.0629940788348712
2025-10-07,-0.012736444071789976,-0.0629940788348712,-0.0629940788348712
2025-10-08,-0.013283049933962343,-0.0629940788348712,-0.0629940788348712
2025-10-09,2.969513489770037e-06,-0.0629940788348712,-0.0629940788348712
2025-10-10,0.027903810906049653,-0.0629940788348712,-0.0629940788348712
2025-10-13,0.006714031544527765,-0.0629940788348712,-0.0629940788348712
2025-10-14,,-0.0629940788348712,-0.0629940788348712
2025-10-15,,-0.0629940788348712,-0.0629940788348712
2025-10-16,,-0.0629940788348712,-0.0629940788348712
2025-10-17,,-0.0629940788348712,-0.0629940788348712
2025-10-20,,-0.0629940788348712,-0.0629940788348712
2025-10-21,,-0.0629940788348712,-0.0629940788348712
2025-10-22,,-0.0629940788348712,-0.0629940788348712
