"Date","Price","Open","High","Low","Vol.","Change %"
"01/01/2020","61.33","61.52","61.54","61.33","","0.92%"
"01/02/2020","60.95","61.29","61.32","60.42","101.52K","-0.62%"
"01/03/2020","62.82","60.96","63.80","60.91","236.06K","3.07%"
"01/06/2020","63.04","63.43","64.45","62.43","176.99K","0.35%"
"01/07/2020","62.51","62.67","62.92","61.96","173.85K","-0.84%"
"01/08/2020","59.46","62.63","65.40","58.99","436.61K","-4.88%"
"01/09/2020","59.44","59.85","60.17","58.55","268.85K","-0.03%"
"01/10/2020","58.99","59.51","59.67","58.79","256.06K","-0.76%"
"01/13/2020","58.08","59.08","59.21","57.93","295.82K","-1.54%"
"01/14/2020","58.26","58.06","58.73","57.74","262.79K","0.31%"
"01/15/2020","57.84","58.23","58.41","57.42","271.20K","-0.72%"
"01/16/2020","58.53","58.12","58.88","57.60","426.33K","1.19%"
"01/17/2020","58.58","58.61","59.00","58.31","415.85K","0.09%"
"01/19/2020","59.27","59.36","59.66","59.20","","1.18%"
"01/20/2020","58.73","59.28","59.32","58.56","","-0.91%"
"01/21/2020","58.38","59.35","59.77","57.71","648.34K","-0.60%"
"01/22/2020","56.76","58.24","58.35","56.07","124.61K","-2.77%"
"01/23/2020","55.61","56.13","56.43","54.82","149.95K","-2.03%"
"01/24/2020","54.20","55.72","55.97","53.88","82.34K","-2.54%"
"01/27/2020","53.18","53.57","53.72","52.16","101.53K","-1.88%"
"01/28/2020","53.52","52.72","54.08","52.72","107.71K","0.64%"
"01/29/2020","53.41","54.00","54.39","52.87","110.23K","-0.21%"
"01/30/2020","52.23","53.10","53.27","51.75","140.67K","-2.21%"
"01/31/2020","51.68","52.97","53.42","51.09","154.05K","-1.05%"
"02/03/2020","50.28","51.15","52.05","49.98","195.73K","-2.71%"
"02/04/2020","49.80","50.04","51.70","49.50","161.51K","-0.95%"
"02/05/2020","50.92","49.68","52.01","49.64","172.74K","2.25%"
"02/06/2020","51.14","51.35","52.34","50.42","146.70K","0.43%"
"02/07/2020","50.55","51.31","51.66","50.32","230.88K","-1.15%"
"02/10/2020","49.78","50.34","50.71","49.63","206.92K","-1.52%"
"02/11/2020","50.17","49.78","50.86","49.78","252.29K","0.78%"
"02/12/2020","51.41","50.16","51.93","50.16","292.20K","2.47%"
"02/13/2020","51.66","51.87","52.19","50.82","311.01K","0.49%"
"02/14/2020","52.32","51.73","52.56","51.55","281.39K","1.28%"
"02/16/2020","52.36","52.45","52.63","52.34","","0.08%"
"02/17/2020","52.20","52.34","52.59","52.05","","-0.31%"
"02/18/2020","52.29","52.49","52.65","51.15","723.14K","0.17%"
"02/19/2020","53.49","52.36","53.87","52.16","655.50K","2.29%"
"02/20/2020","53.88","53.70","54.66","53.44","676.18K","0.73%"
"02/21/2020","53.50","53.93","54.02","52.72","142.13K","-0.71%"
"02/24/2020","51.58","52.79","52.79","50.61","137.67K","-3.59%"
"02/25/2020","50.06","51.50","52.15","49.85","144.47K","-2.95%"
"02/26/2020","48.88","50.22","50.57","48.44","179.52K","-2.36%"
"02/27/2020","47.29","48.70","48.90","46.10","195.82K","-3.25%"
"02/28/2020","44.94","46.68","47.20","44.07","230.76K","-4.97%"
"03/02/2020","46.92","43.93","47.71","43.40","190.39K","4.41%"
"03/03/2020","47.33","47.98","48.82","46.64","199.81K","0.87%"
"03/04/2020","46.95","47.10","48.56","46.82","155.22K","-0.80%"
"03/05/2020","46.06","47.38","47.72","45.82","164.22K","-1.90%"
"03/06/2020","41.51","46.22","46.53","41.29","398.33K","-9.88%"
"03/09/2020","31.47","32.87","35.19","27.83","673.03K","-24.19%"
"03/10/2020","34.73","30.75","35.35","30.58","415.57K","10.36%"
"03/11/2020","33.39","35.00","36.70","32.97","321.92K","-3.86%"
"03/12/2020","31.98","33.43","34.05","30.50","506.87K","-4.22%"
"03/13/2020","32.11","31.35","34.38","30.80","355.35K","0.41%"
"03/16/2020","29.00","32.69","33.80","28.50","443.05K","-9.69%"
"03/17/2020","27.33","28.99","30.61","27.06","520.08K","-5.76%"
"03/18/2020","20.83","27.30","27.60","20.52","1.00M","-23.78%"
"03/19/2020","25.91","22.82","28.28","21.77","1.19M","24.39%"
"03/20/2020","22.63","25.59","28.49","22.39","1.13M","-12.66%"
"03/23/2020","25.48","24.40","26.12","22.74","198.60K","12.59%"
"03/24/2020","26.20","25.87","27.28","25.44","191.67K","2.83%"
"03/25/2020","27.16","26.64","27.59","25.56","183.31K","3.66%"
"03/26/2020","25.71","27.04","27.46","25.47","219.09K","-5.34%"
"03/27/2020","25.15","26.23","26.43","24.59","199.03K","-2.18%"
"03/30/2020","24.09","24.68","25.01","23.31","276.61K","-4.21%"
"03/31/2020","24.51","24.25","25.73","24.06","209.61K","1.74%"
"04/01/2020","23.74","24.18","24.72","23.63","276.33K","-3.14%"
"04/02/2020","28.05","24.19","30.16","23.92","447.84K","18.16%"
"04/03/2020","30.90","27.34","31.62","26.53","317.83K","10.16%"
"04/06/2020","29.98","29.20","31.27","28.13","209.52K","-2.98%"
"04/07/2020","28.69","30.21","31.30","28.53","317.26K","-4.30%"
"04/08/2020","30.17","29.21","31.05","29.05","393.26K","5.16%"
"04/09/2020","28.82","30.82","33.15","28.63","438.04K","-4.47%"
"04/13/2020","29.26","30.30","30.57","28.26","399.07K","1.53%"
"04/14/2020","27.40","29.20","29.95","27.25","436.46K","-6.36%"
"04/15/2020","26.04","27.84","28.14","25.84","367.57K","-4.96%"
"04/16/2020","25.53","26.26","27.00","24.93","439.67K","-1.96%"
"04/17/2020","25.03","26.42","26.78","24.57","712.98K","-1.96%"
"04/20/2020","20.43","24.76","24.92","20.19","1.32M","-18.38%"
"04/21/2020","11.57","21.32","22.58","6.50","2.29M","-43.37%"
"04/22/2020","20.69","20.26","22.79","17.43","530.40K","78.82%"
"04/23/2020","21.44","20.99","23.40","20.32","344.88K","3.62%"
"04/24/2020","21.22","21.85","22.96","20.73","362.38K","-1.03%"
"04/27/2020","18.08","21.13","21.45","17.78","367.14K","-14.80%"
"04/28/2020","17.60","18.24","19.66","17.27","613.95K","-2.65%"
"04/29/2020","19.12","18.01","20.36","17.40","380.71K","8.64%"
"04/30/2020","21.85","19.33","22.30","19.15","434.79K","14.28%"
"05/01/2020","22.29","22.04","23.40","20.86","330.61K","2.01%"
"05/04/2020","22.78","21.87","23.79","20.84","274.82K","2.20%"
"05/05/2020","26.49","23.56","27.40","23.38","405.07K","16.29%"
"05/06/2020","25.62","27.45","27.98","24.55","414.93K","-3.28%"
"05/07/2020","24.83","25.56","27.79","24.38","497.36K","-3.08%"
"05/08/2020","26.17","24.81","26.29","24.73","392.79K","5.40%"
"05/11/2020","25.08","25.91","26.73","24.79","436.58K","-4.17%"
"05/12/2020","26.33","25.39","26.87","25.15","459.49K","4.98%"
"05/13/2020","25.68","25.80","26.96","25.25","460.74K","-2.47%"
"05/14/2020","27.88","25.97","28.27","25.56","413.44K","8.57%"
"05/15/2020","29.52","28.02","29.82","27.53","425.17K","5.88%"
"05/18/2020","31.65","29.81","33.10","29.55","561.53K","7.22%"
"05/19/2020","31.96","32.39","32.91","31.13","430.82K","0.98%"
"05/20/2020","33.94","32.41","34.22","32.11","128.95K","6.20%"
"05/21/2020","34.34","33.93","35.05","33.78","127.18K","1.18%"
"05/22/2020","33.65","34.41","34.48","31.28","137.02K","-2.01%"
"05/24/2020","32.90","33.38","33.42","32.50","","-2.23%"
"05/25/2020","33.92","32.92","34.18","32.72","","3.10%"
"05/26/2020","34.77","33.77","35.16","32.90","137.75K","2.51%"
"05/27/2020","33.23","34.54","34.70","32.20","127.38K","-4.43%"
"05/28/2020","34.06","32.48","34.57","31.63","141.69K","2.50%"
"05/29/2020","35.84","34.06","36.11","32.76","162.34K","5.23%"
"06/01/2020","35.79","35.62","36.23","34.65","140.98K","-0.14%"
"06/02/2020","37.06","35.94","37.29","35.64","123.23K","3.55%"
"06/03/2020","37.59","37.09","38.40","36.24","160.90K","1.43%"
"06/04/2020","37.72","37.06","37.91","36.71","109.72K","0.35%"
"06/05/2020","39.80","37.64","39.89","37.35","139.94K","5.51%"
"06/08/2020","38.43","39.67","40.69","38.24","151.63K","-3.44%"
"06/09/2020","39.16","38.51","39.31","37.33","140.18K","1.90%"
"06/10/2020","39.78","38.72","40.07","37.98","136.50K","1.58%"
"06/11/2020","36.57","39.25","39.25","35.68","231.68K","-8.07%"
"06/12/2020","36.51","36.46","37.22","34.74","203.85K","-0.16%"
"06/15/2020","37.43","36.26","37.54","34.66","262.24K","2.52%"
"06/16/2020","38.65","37.38","39.36","36.67","299.66K","3.26%"
"06/17/2020","38.21","38.21","39.01","37.48","289.58K","-1.14%"
"06/18/2020","39.05","38.00","39.17","37.40","341.48K","2.20%"
"06/19/2020","39.83","39.03","40.60","38.51","497.18K","2.00%"
"06/22/2020","40.73","39.02","40.77","39.00","315.26K","2.26%"
"06/23/2020","40.51","40.78","41.74","39.90","102.60K","-0.54%"
"06/24/2020","38.21","40.16","40.68","37.52","163.08K","-5.68%"
"06/25/2020","38.91","38.26","39.38","37.32","136.44K","1.83%"
"06/26/2020","38.65","39.23","39.50","37.96","130.78K","-0.67%"
"06/29/2020","39.81","38.12","39.99","37.69","145.18K","3.00%"
"06/30/2020","39.34","39.76","40.12","38.96","228.32K","-1.18%"
"07/01/2020","39.92","39.88","40.61","39.11","207.27K","1.47%"
"07/02/2020","40.76","39.85","40.84","39.57","151.37K","2.10%"
"07/03/2020","40.28","40.23","40.50","39.86","","-1.18%"
"07/06/2020","40.73","40.43","41.19","39.95","166.94K","1.12%"
"07/07/2020","40.70","40.75","41.01","40.00","96.87K","-0.07%"
"07/08/2020","41.04","40.57","41.16","40.40","130.35K","0.84%"
"07/09/2020","39.83","41.03","41.12","39.45","170.99K","-2.95%"
"07/10/2020","40.76","39.83","40.92","38.77","185.49K","2.33%"
"07/13/2020","40.32","40.57","40.91","39.70","207.20K","-1.08%"
"07/14/2020","40.55","39.84","40.80","39.31","238.30K","0.57%"
"07/15/2020","41.40","40.79","41.46","40.32","248.30K","2.10%"
"07/16/2020","40.93","41.19","41.38","40.69","203.85K","-1.14%"
"07/17/2020","40.75","40.90","41.05","40.18","272.44K","-0.44%"
"07/20/2020","40.92","40.77","41.02","39.97","329.77K","0.42%"
"07/21/2020","41.92","40.80","42.51","40.74","389.12K","2.44%"
"07/22/2020","42.04","41.68","42.16","41.31","93.95K","0.29%"
"07/23/2020","41.21","42.10","42.51","40.99","104.70K","-1.97%"
"07/24/2020","41.45","41.23","41.81","40.83","83.04K","0.58%"
"07/27/2020","41.80","41.45","41.99","40.69","119.48K","0.84%"
"07/28/2020","41.28","41.88","42.12","41.08","74.00K","-1.24%"
"07/29/2020","41.54","41.29","41.81","41.19","109.96K","0.63%"
"07/30/2020","40.24","41.59","41.64","39.00","162.72K","-3.13%"
"07/31/2020","40.57","40.65","40.86","39.96","102.57K","0.82%"
"08/03/2020","41.31","40.70","41.49","39.89","120.59K","1.82%"
"08/04/2020","41.91","41.08","42.28","40.43","191.80K","1.45%"
"08/05/2020","42.43","41.80","43.68","41.66","224.29K","1.24%"
"08/06/2020","42.20","42.42","42.87","41.89","115.16K","-0.54%"
"08/07/2020","41.49","42.19","42.44","41.33","143.40K","-1.68%"
"08/10/2020","42.17","41.63","42.54","41.43","142.80K","1.64%"
"08/11/2020","41.87","42.21","43.14","41.75","160.19K","-0.71%"
"08/12/2020","42.95","41.92","43.17","41.80","198.19K","2.58%"
"08/13/2020","42.52","42.88","43.10","42.37","179.53K","-1.00%"
"08/14/2020","42.31","42.62","42.84","41.93","180.37K","-0.49%"
"08/17/2020","43.17","42.45","43.25","42.09","193.11K","2.03%"
"08/18/2020","43.12","43.05","43.29","42.40","285.14K","-0.12%"
"08/19/2020","43.11","42.81","43.21","42.55","304.94K","-0.02%"
"08/20/2020","42.82","42.95","42.98","41.63","377.07K","-0.67%"
"08/21/2020","42.62","43.01","43.22","41.74","84.77K","-0.47%"
"08/24/2020","42.93","42.72","43.13","42.51","84.97K","0.73%"
"08/25/2020","43.65","42.71","43.84","42.63","108.41K","1.68%"
"08/26/2020","43.69","43.74","44.05","43.32","80.80K","0.09%"
"08/27/2020","43.31","43.78","43.81","42.68","93.85K","-0.87%"
"08/28/2020","43.29","43.27","43.69","43.03","102.45K","-0.05%"
"08/31/2020","42.90","43.30","43.89","42.84","77.85K","-0.90%"
"09/01/2020","43.08","43.12","43.70","43.04","110.25K","0.42%"
"09/02/2020","41.85","43.35","43.51","41.59","120.08K","-2.86%"
"09/03/2020","41.72","41.96","42.14","40.61","114.48K","-0.31%"
"09/04/2020","40.15","41.60","42.19","39.75","115.67K","-3.76%"
"09/06/2020","38.75","39.47","39.48","38.57","","-3.49%"
"09/07/2020","39.20","38.77","39.53","38.77","","1.16%"
"09/08/2020","37.19","39.86","39.96","36.58","269.13K","-5.13%"
"09/09/2020","38.41","37.18","38.78","36.60","197.32K","3.28%"
"09/10/2020","37.66","38.16","38.53","37.27","171.07K","-1.95%"
"09/11/2020","37.65","37.34","38.12","37.02","152.70K","-0.03%"
"09/14/2020","37.56","37.60","37.97","37.12","185.19K","-0.24%"
"09/15/2020","38.55","37.60","38.82","37.36","217.08K","2.64%"
"09/16/2020","40.41","38.65","40.59","38.62","283.42K","4.82%"
"09/17/2020","41.22","40.41","41.48","39.67","270.18K","2.00%"
"09/18/2020","41.32","41.20","41.72","40.52","269.71K","0.24%"
"09/21/2020","39.54","41.19","41.49","38.87","405.21K","-4.31%"
"09/22/2020","39.80","39.84","40.27","39.19","287.81K","0.66%"
"09/23/2020","40.22","40.03","41.04","39.56","87.56K","1.06%"
"09/24/2020","40.58","39.87","40.64","39.41","78.41K","0.90%"
"09/25/2020","40.51","40.35","40.89","40.00","79.14K","-0.17%"
"09/28/2020","40.87","40.24","41.06","40.05","61.39K","0.89%"
"09/29/2020","39.56","40.84","40.94","38.70","152.53K","-3.21%"
"09/30/2020","40.47","39.43","40.61","38.95","155.54K","2.30%"
"10/01/2020","39.01","40.15","40.70","37.92","171.20K","-3.61%"
"10/02/2020","37.34","38.92","38.93","36.93","162.58K","-4.28%"
"10/05/2020","39.50","37.34","39.96","37.32","163.79K","5.78%"
"10/06/2020","40.93","39.62","41.11","39.37","198.24K","3.62%"
"10/07/2020","40.23","40.12","40.61","39.57","229.63K","-1.71%"
"10/08/2020","41.47","40.23","41.59","40.05","263.97K","3.08%"
"10/09/2020","40.91","41.60","41.74","40.68","173.38K","-1.35%"
"10/12/2020","39.73","40.72","40.75","39.36","186.65K","-2.88%"
"10/13/2020","40.49","39.80","40.79","39.65","248.71K","1.91%"
"10/14/2020","41.34","40.49","41.43","40.12","264.49K","2.10%"
"10/15/2020","41.24","41.43","41.57","39.52","281.94K","-0.24%"
"10/16/2020","41.12","41.16","41.30","40.34","256.54K","-0.29%"
"10/19/2020","41.06","40.92","41.46","40.77","314.65K","-0.15%"
"10/20/2020","41.70","40.93","41.90","40.46","360.57K","1.56%"
"10/21/2020","40.31","41.45","41.85","40.07","101.48K","-3.33%"
"10/22/2020","40.94","40.31","41.31","40.00","86.93K","1.56%"
"10/23/2020","40.15","40.91","41.21","39.88","68.68K","-1.93%"
"10/26/2020","38.89","39.98","40.04","38.61","102.22K","-3.14%"
"10/27/2020","39.87","38.95","40.13","38.83","93.88K","2.52%"
"10/28/2020","37.72","39.30","39.33","37.32","163.97K","-5.39%"
"10/29/2020","36.51","37.76","38.10","35.28","185.12K","-3.21%"
"10/30/2020","36.15","36.41","36.93","35.57","125.09K","-0.99%"
"11/02/2020","37.18","35.50","37.50","34.04","156.51K","2.85%"
"11/03/2020","37.99","37.37","38.63","36.93","171.28K","2.18%"
"11/04/2020","39.47","38.46","39.56","37.59","156.10K","3.90%"
"11/05/2020","39.11","39.42","39.67","38.60","97.35K","-0.91%"
"11/06/2020","37.49","38.82","38.92","37.40","182.65K","-4.14%"
"11/09/2020","40.62","37.64","41.63","37.52","281.67K","8.35%"
"11/10/2020","41.67","40.19","42.12","39.72","214.04K","2.58%"
"11/11/2020","41.74","42.08","43.33","41.61","216.25K","0.17%"
"11/12/2020","41.41","41.72","42.45","41.16","180.09K","-0.79%"
"11/13/2020","40.40","41.21","41.21","40.33","201.43K","-2.44%"
"11/16/2020","41.57","40.44","42.35","40.40","238.44K","2.90%"
"11/17/2020","41.65","41.65","41.93","40.81","236.67K","0.19%"
"11/18/2020","42.01","41.55","42.68","41.30","322.65K","0.86%"
"11/19/2020","41.90","41.87","42.15","41.26","313.38K","-0.26%"
"11/20/2020","42.42","41.88","42.54","41.61","276.34K","1.24%"
"11/23/2020","43.28","42.64","43.56","42.52","98.45K","2.03%"
"11/24/2020","45.11","43.04","45.38","43.04","150.46K","4.23%"
"11/25/2020","45.91","45.05","46.44","44.87","120.32K","1.77%"
"11/26/2020","44.98","45.77","46.09","44.73","","-2.03%"
"11/27/2020","45.74","46.12","46.27","44.77","77.04K","1.69%"
"11/30/2020","45.51","45.57","45.98","44.64","105.31K","-0.50%"
"12/01/2020","44.73","45.25","45.86","44.32","95.00K","-1.71%"
"12/02/2020","45.44","44.54","46.04","44.10","119.96K","1.59%"
"12/03/2020","45.79","45.14","45.98","44.84","104.00K","0.77%"
"12/04/2020","46.42","45.76","46.80","45.76","118.56K","1.38%"
"12/07/2020","45.95","46.24","46.70","45.54","138.58K","-1.01%"
"12/08/2020","45.80","45.82","46.09","45.32","141.09K","-0.33%"
"12/09/2020","45.72","45.75","46.43","45.14","149.40K","-0.17%"
"12/10/2020","46.96","45.87","47.88","45.72","172.15K","2.71%"
"12/11/2020","46.75","47.15","47.46","46.51","181.85K","-0.45%"
"12/14/2020","47.15","46.92","47.57","45.88","203.13K","0.86%"
"12/15/2020","47.78","47.18","47.89","46.72","219.99K","1.34%"
"12/16/2020","48.00","47.77","48.12","47.34","226.21K","0.46%"
"12/17/2020","48.54","48.07","48.80","48.00","243.86K","1.13%"
"12/18/2020","49.24","48.57","49.43","48.27","300.14K","1.44%"
"12/21/2020","47.97","49.26","49.31","46.25","478.10K","-2.58%"
"12/22/2020","47.16","48.00","48.06","46.72","63.09K","-1.69%"
"12/23/2020","48.24","46.93","48.60","46.30","78.58K","2.29%"
"12/24/2020","48.35","48.20","48.72","47.69","31.48K","0.23%"
"12/28/2020","47.77","48.39","49.07","47.63","67.47K","-1.20%"
"12/29/2020","48.14","47.87","48.49","47.82","61.07K","0.77%"
"12/30/2020","48.50","48.26","48.78","47.76","71.10K","0.75%"
"12/31/2020","48.63","48.41","48.68","47.88","53.38K","0.27%"
"01/04/2021","47.76","48.49","49.94","47.31","172.92K","-1.79%"
"01/05/2021","50.01","47.54","50.27","47.39","277.27K","4.71%"
"01/06/2021","50.69","49.93","50.98","49.53","255.40K","1.36%"
"01/07/2021","50.87","50.55","51.30","50.44","177.01K","0.36%"
"01/08/2021","52.26","50.90","52.74","50.86","256.96K","2.73%"
"01/11/2021","52.27","52.55","52.69","51.51","216.27K","0.02%"
"01/12/2021","53.24","52.19","53.47","52.08","231.07K","1.86%"
"01/13/2021","52.96","53.34","53.94","52.60","269.31K","-0.53%"
"01/14/2021","53.62","52.89","53.79","52.30","320.72K","1.25%"
"01/15/2021","52.42","53.77","53.86","51.89","391.29K","-2.24%"
"01/17/2021","52.20","52.09","52.38","52.09","","-0.42%"
"01/18/2021","52.36","52.20","52.61","51.83","","0.31%"
"01/19/2021","52.98","52.00","53.18","51.81","533.78K","1.18%"
"01/20/2021","53.31","53.06","53.83","52.83","400.30K","0.62%"
"01/21/2021","53.05","52.81","53.30","52.64","131.54K","-0.49%"
"01/22/2021","52.19","53.01","53.08","51.38","110.82K","-1.62%"
"01/25/2021","52.67","52.08","52.84","51.75","94.90K","0.92%"
"01/26/2021","52.52","52.81","53.12","52.20","90.35K","-0.28%"
"01/27/2021","52.73","52.67","53.16","51.77","131.52K","0.40%"
"01/28/2021","52.24","52.54","53.43","51.94","114.94K","-0.93%"
"01/29/2021","52.08","52.03","53.13","51.85","99.60K","-0.31%"
"02/01/2021","53.42","51.90","53.60","51.53","126.46K","2.57%"
"02/02/2021","54.62","53.35","55.09","53.32","182.83K","2.25%"
"02/03/2021","55.54","54.96","56.16","54.66","173.15K","1.68%"
"02/04/2021","56.07","55.80","56.41","55.16","147.93K","0.95%"
"02/05/2021","56.70","56.32","57.11","56.32","170.65K","1.12%"
"02/08/2021","57.83","56.95","57.98","56.86","152.37K","1.99%"
"02/09/2021","58.25","57.99","58.49","57.17","246.49K","0.73%"
"02/10/2021","58.57","58.33","58.77","57.98","186.03K","0.55%"
"02/11/2021","58.14","58.26","58.57","57.75","187.76K","-0.73%"
"02/12/2021","59.38","57.82","59.72","57.31","272.11K","2.13%"
"02/14/2021","60.37","60.01","60.75","60.01","","1.67%"
"02/15/2021","60.09","60.36","60.95","59.96","","-0.46%"
"02/16/2021","60.08","59.83","60.78","59.34","485.73K","-0.02%"
"02/17/2021","61.16","60.28","61.75","59.56","383.87K","1.80%"
"02/18/2021","60.53","61.71","62.29","59.81","538.43K","-1.03%"
"02/19/2021","59.26","60.18","60.32","58.60","608.59K","-2.10%"
"02/22/2021","61.70","58.93","62.22","58.82","505.77K","4.12%"
"02/23/2021","61.43","61.90","62.71","60.44","150.92K","-0.44%"
"02/24/2021","63.00","61.07","63.28","60.77","149.43K","2.56%"
"02/25/2021","63.22","63.22","63.56","62.45","180.38K","0.35%"
"02/26/2021","61.23","63.17","63.24","61.04","124.26K","-3.15%"
"03/01/2021","60.42","61.42","62.67","59.77","153.33K","-1.32%"
"03/02/2021","59.57","60.04","60.98","59.20","149.34K","-1.41%"
"03/03/2021","61.10","59.40","61.75","59.08","170.70K","2.57%"
"03/04/2021","63.62","60.93","64.62","60.36","241.24K","4.12%"
"03/05/2021","65.92","63.94","66.23","63.59","231.06K","3.62%"
"03/08/2021","64.93","66.50","67.79","64.45","203.12K","-1.50%"
"03/09/2021","63.99","64.60","65.87","63.60","275.96K","-1.45%"
"03/10/2021","64.42","63.81","64.90","63.10","217.20K","0.67%"
"03/11/2021","66.00","64.62","66.17","64.49","217.43K","2.45%"
"03/12/2021","65.64","65.95","66.22","65.40","166.57K","-0.55%"
"03/15/2021","65.44","65.56","66.44","64.22","193.97K","-0.30%"
"03/16/2021","64.86","65.34","65.48","63.87","213.77K","-0.89%"
"03/17/2021","64.63","64.87","65.40","63.64","300.15K","-0.35%"
"03/18/2021","60.06","64.44","64.88","58.28","728.88K","-7.07%"
"03/19/2021","61.44","59.65","61.80","59.01","723.88K","2.30%"
"03/22/2021","61.56","61.60","62.04","60.35","404.37K","0.20%"
"03/23/2021","57.78","61.18","61.25","57.29","310.15K","-6.14%"
"03/24/2021","61.16","57.42","61.31","57.33","190.27K","5.85%"
"03/25/2021","58.57","60.80","60.84","57.46","198.97K","-4.23%"
"03/26/2021","60.96","58.44","61.34","58.33","183.90K","4.08%"
"03/29/2021","61.53","60.94","61.74","59.42","142.06K","0.94%"
"03/30/2021","60.56","61.92","62.22","59.95","134.61K","-1.58%"
"03/31/2021","59.18","60.40","61.17","58.88","145.02K","-2.28%"
"04/01/2021","61.48","59.48","61.75","58.91","224.08K","3.89%"
"04/05/2021","58.68","61.48","61.48","57.68","162.51K","-4.55%"
"04/06/2021","59.37","58.87","60.89","58.66","211.41K","1.18%"
"04/07/2021","59.81","59.28","60.06","58.16","193.63K","0.74%"
"04/08/2021","59.63","59.56","59.93","58.85","232.13K","-0.30%"
"04/09/2021","59.35","59.78","59.94","59.13","207.85K","-0.47%"
"04/12/2021","59.75","59.43","60.78","58.77","200.51K","0.67%"
"04/13/2021","60.24","59.69","60.63","59.69","198.23K","0.82%"
"04/14/2021","63.22","60.52","63.51","60.43","318.18K","4.95%"
"04/15/2021","63.51","62.97","63.62","62.61","243.64K","0.46%"
"04/16/2021","63.19","63.35","63.94","62.88","265.80K","-0.50%"
"04/19/2021","63.43","63.01","63.69","62.67","279.37K","0.38%"
"04/20/2021","62.67","63.53","64.38","61.49","476.05K","-1.20%"
"04/21/2021","61.27","62.33","62.47","60.79","123.25K","-2.23%"
"04/22/2021","61.34","61.05","61.79","60.55","99.27K","0.11%"
"04/23/2021","62.02","61.56","62.30","61.14","104.73K","1.11%"
"04/26/2021","61.80","62.03","62.18","60.56","103.53K","-0.35%"
"04/27/2021","62.80","61.80","63.15","61.80","111.62K","1.62%"
"04/28/2021","63.75","62.92","64.37","62.54","127.27K","1.51%"
"04/29/2021","64.88","63.59","65.32","63.53","119.35K","1.77%"
"04/30/2021","63.48","64.76","64.83","63.00","159.45K","-2.16%"
"05/03/2021","64.41","63.48","64.58","62.82","86.70K","1.47%"
"05/04/2021","65.61","64.43","66.12","64.21","148.65K","1.86%"
"05/05/2021","65.59","66.20","66.67","64.89","187.51K","-0.03%"
"05/06/2021","64.67","65.26","65.93","64.47","117.49K","-1.40%"
"05/07/2021","64.88","64.86","65.20","63.89","168.37K","0.32%"
"05/10/2021","64.93","65.25","66.00","63.96","193.20K","0.08%"
"05/11/2021","65.30","64.94","65.51","63.71","195.32K","0.57%"
"05/12/2021","66.10","65.44","66.63","64.98","256.70K","1.23%"
"05/13/2021","63.84","65.78","65.83","63.12","247.68K","-3.42%"
"05/14/2021","65.36","63.84","65.60","63.35","246.22K","2.38%"
"05/17/2021","66.28","65.44","66.42","64.83","229.56K","1.41%"
"05/18/2021","65.50","66.31","67.02","64.14","484.42K","-1.18%"
"05/19/2021","63.35","65.30","65.35","61.95","615.26K","-3.28%"
"05/20/2021","61.94","63.35","63.95","61.67","524.17K","-2.23%"
"05/21/2021","63.36","61.73","63.82","61.36","187.39K","2.29%"
"05/24/2021","65.78","63.61","65.87","63.45","155.50K","3.82%"
"05/25/2021","65.79","65.76","66.18","65.14","229.42K","0.02%"
"05/26/2021","65.96","65.75","66.15","65.02","122.47K","0.26%"
"05/27/2021","66.60","65.93","66.66","65.23","113.06K","0.97%"
"05/28/2021","66.10","66.68","67.28","65.95","186.24K","-0.75%"
"05/30/2021","66.59","66.70","66.75","66.53","","0.74%"
"05/31/2021","66.96","66.58","67.41","66.41","","0.56%"
"06/01/2021","67.52","66.45","68.64","66.19","148.83K","0.84%"
"06/02/2021","68.63","67.80","68.77","67.59","110.81K","1.64%"
"06/03/2021","68.60","68.59","69.18","67.98","108.64K","-0.04%"
"06/04/2021","69.39","68.71","69.51","68.12","138.05K","1.15%"
"06/07/2021","69.04","69.25","69.76","68.71","156.70K","-0.50%"
"06/08/2021","69.87","69.08","70.08","68.29","166.36K","1.20%"
"06/09/2021","69.79","69.81","70.43","69.29","168.12K","-0.11%"
"06/10/2021","70.09","69.61","70.46","68.51","205.08K","0.43%"
"06/11/2021","70.60","69.91","70.86","69.47","396.29K","0.73%"
"06/14/2021","70.63","70.36","71.40","70.36","163.55K","0.04%"
"06/15/2021","71.86","70.91","72.20","70.54","195.70K","1.74%"
"06/16/2021","71.95","72.13","72.74","71.42","281.18K","0.13%"
"06/17/2021","70.78","71.48","72.10","69.54","343.67K","-1.63%"
"06/18/2021","71.29","70.80","71.82","69.87","420.11K","0.72%"
"06/21/2021","73.12","71.15","73.28","70.78","591.31K","2.57%"
"06/22/2021","72.85","73.04","73.47","72.47","498.56K","-0.37%"
"06/23/2021","72.36","72.10","73.33","72.01","170.19K","-0.67%"
"06/24/2021","72.63","72.56","72.86","71.64","131.48K","0.37%"
"06/25/2021","73.33","72.65","73.40","72.11","144.56K","0.96%"
"06/28/2021","72.20","73.27","73.70","71.92","104.66K","-1.54%"
"06/29/2021","72.31","72.04","73.07","71.28","113.12K","0.15%"
"06/30/2021","72.77","72.77","73.45","72.10","146.95K","0.64%"
"07/01/2021","74.33","72.78","75.23","72.66","289.38K","2.14%"
"07/02/2021","74.36","74.07","74.67","73.57","163.67K","0.04%"
"07/04/2021","75.14","75.22","75.28","75.00","","1.05%"
"07/05/2021","76.25","75.15","76.40","74.75","","1.48%"
"07/06/2021","72.58","74.43","76.07","72.16","254.31K","-4.81%"
"07/07/2021","71.50","73.00","74.06","70.44","223.71K","-1.49%"
"07/08/2021","72.22","71.55","72.51","70.10","247.36K","1.01%"
"07/09/2021","73.81","72.51","73.98","71.97","185.31K","2.20%"
"07/12/2021","73.44","73.92","74.15","72.45","221.74K","-0.50%"
"07/13/2021","74.69","73.51","74.90","73.07","286.33K","1.70%"
"07/14/2021","72.64","74.58","74.89","71.70","375.43K","-2.74%"
"07/15/2021","71.38","72.43","72.48","71.02","329.01K","-1.73%"
"07/16/2021","71.56","71.21","72.04","70.16","359.21K","0.25%"
"07/19/2021","66.35","71.09","71.40","65.56","731.96K","-7.28%"
"07/20/2021","67.20","66.61","67.61","65.01","561.63K","1.28%"
"07/21/2021","69.57","65.86","69.75","65.86","151.83K","3.53%"
"07/22/2021","71.14","69.50","71.26","69.11","134.22K","2.26%"
"07/23/2021","71.38","70.97","71.48","70.69","73.54K","0.34%"
"07/26/2021","71.34","71.46","71.71","69.90","105.91K","-0.06%"
"07/27/2021","71.14","71.61","71.76","70.62","114.13K","-0.28%"
"07/28/2021","71.79","71.36","72.00","71.16","96.97K","0.91%"
"07/29/2021","72.98","71.80","73.02","71.66","110.60K","1.66%"
"07/30/2021","73.23","72.75","73.52","72.30","97.78K","0.34%"
"08/02/2021","70.61","73.11","73.19","69.96","138.72K","-3.58%"
"08/03/2021","70.03","70.86","71.29","68.65","174.91K","-0.82%"
"08/04/2021","67.79","69.88","70.31","67.52","243.60K","-3.20%"
"08/05/2021","68.74","67.64","68.97","67.22","146.62K","1.40%"
"08/06/2021","68.10","68.77","69.87","67.62","273.91K","-0.93%"
"08/09/2021","66.30","67.62","67.67","65.00","247.22K","-2.64%"
"08/10/2021","68.06","66.62","68.66","66.29","188.99K","2.65%"
"08/11/2021","69.02","68.28","69.19","66.47","223.82K","1.41%"
"08/12/2021","68.90","69.15","69.39","68.24","182.54K","-0.17%"
"08/13/2021","68.21","68.75","68.99","67.55","145.27K","-1.00%"
"08/16/2021","67.05","67.63","68.03","65.51","205.58K","-1.70%"
"08/17/2021","66.34","67.17","67.46","66.09","232.41K","-1.06%"
"08/18/2021","65.21","66.34","67.23","64.17","386.36K","-1.70%"
"08/19/2021","63.50","64.45","64.57","62.41","494.97K","-2.62%"
"08/20/2021","62.14","63.65","64.04","61.82","365.01K","-2.14%"
"08/23/2021","65.34","61.75","65.66","61.50","106.60K","5.15%"
"08/24/2021","67.25","65.24","67.49","65.15","91.59K","2.92%"
"08/25/2021","68.06","67.33","68.23","66.63","107.20K","1.20%"
"08/26/2021","67.10","67.78","67.97","66.71","102.00K","-1.41%"
"08/27/2021","68.48","67.47","68.69","67.18","107.41K","2.06%"
"08/30/2021","68.93","68.94","69.36","67.53","129.09K","0.66%"
"08/31/2021","68.26","68.89","69.07","67.92","90.70K","-0.97%"
"09/01/2021","68.32","68.31","68.98","66.92","124.27K","0.09%"
"09/02/2021","69.73","67.99","70.31","67.58","137.71K","2.06%"
"09/03/2021","69.07","69.51","70.27","68.87","101.34K","-0.95%"
"09/05/2021","68.75","69.22","69.23","68.73","","-0.46%"
"09/06/2021","68.80","68.75","69.47","68.27","","0.07%"
"09/07/2021","68.13","68.90","69.24","67.44","139.43K","-0.97%"
"09/08/2021","69.05","68.13","69.49","68.08","186.53K","1.35%"
"09/09/2021","67.92","69.11","69.61","67.35","238.50K","-1.64%"
"09/10/2021","69.47","67.73","69.71","67.48","199.52K","2.28%"
"09/13/2021","70.19","69.35","70.68","69.26","194.03K","1.04%"
"09/14/2021","70.23","70.38","70.97","69.75","242.42K","0.06%"
"09/15/2021","72.33","70.47","72.87","70.43","268.43K","2.99%"
"09/16/2021","72.37","72.42","72.72","71.29","232.72K","0.06%"
"09/17/2021","71.82","72.33","72.50","71.03","288.46K","-0.76%"
"09/20/2021","70.14","71.81","71.93","69.71","377.95K","-2.34%"
"09/21/2021","70.49","70.43","71.48","69.39","393.40K","0.50%"
"09/22/2021","71.89","70.48","71.96","70.27","146.90K","1.99%"
"09/23/2021","72.95","71.60","73.10","71.29","185.63K","1.47%"
"09/24/2021","73.61","72.91","73.86","72.47","152.84K","0.90%"
"09/27/2021","75.08","73.83","75.35","73.79","207.11K","2.00%"
"09/28/2021","74.90","75.05","76.26","73.86","177.68K","-0.24%"
"09/29/2021","74.50","73.95","75.39","73.37","169.91K","-0.53%"
"09/30/2021","74.70","74.47","75.72","72.82","239.15K","0.27%"
"10/01/2021","75.58","74.74","75.68","73.92","169.25K","1.18%"
"10/04/2021","77.33","75.63","78.07","75.03","216.82K","2.32%"
"10/05/2021","78.57","77.29","79.09","77.17","238.92K","1.60%"
"10/06/2021","77.06","78.58","79.39","76.48","200.17K","-1.92%"
"10/07/2021","77.96","76.63","78.54","74.67","265.13K","1.17%"
"10/08/2021","78.76","78.47","79.62","78.20","446.50K","1.03%"
"10/11/2021","79.92","79.01","81.08","78.95","452.23K","1.47%"
"10/12/2021","79.92","79.89","80.79","78.88","358.20K","0.00%"
"10/13/2021","79.82","79.83","80.36","78.78","304.96K","-0.13%"
"10/14/2021","80.77","79.94","81.14","79.79","300.57K","1.19%"
"10/15/2021","81.73","80.93","82.00","80.86","284.73K","1.19%"
"10/18/2021","81.69","82.00","83.18","81.21","501.07K","-0.05%"
"10/19/2021","82.44","81.58","82.99","81.08","531.47K","0.92%"
"10/20/2021","83.42","82.46","83.65","80.78","530.69K","1.19%"
"10/21/2021","81.36","82.45","82.71","79.79","169.88K","-2.47%"
"10/22/2021","82.50","81.43","82.92","80.62","173.25K","1.40%"
"10/25/2021","82.61","82.64","83.83","82.24","255.20K","0.13%"
"10/26/2021","83.36","82.61","83.51","81.97","171.17K","0.91%"
"10/27/2021","81.48","83.11","83.21","80.84","142.73K","-2.26%"
"10/28/2021","81.46","81.05","81.85","79.37","155.20K","-0.02%"
"10/29/2021","81.78","81.71","81.96","80.14","173.71K","0.39%"
"11/01/2021","82.45","81.58","83.07","81.05","150.56K","0.82%"
"11/02/2021","82.44","82.30","82.86","81.49","147.57K","-0.01%"
"11/03/2021","79.57","81.70","81.70","78.52","189.15K","-3.48%"
"11/04/2021","77.70","78.93","82.05","77.23","249.20K","-2.35%"
"11/05/2021","80.13","78.32","80.51","77.78","184.24K","3.13%"
"11/08/2021","80.74","80.00","81.42","79.95","165.37K","0.76%"
"11/09/2021","82.56","80.87","82.99","80.56","249.60K","2.25%"
"11/10/2021","80.06","82.89","83.30","79.53","242.72K","-3.03%"
"11/11/2021","80.42","80.10","80.95","78.98","209.70K","0.45%"
"11/12/2021","79.69","80.08","80.36","78.67","185.20K","-0.91%"
"11/15/2021","79.75","79.59","80.04","78.28","185.74K","0.08%"
"11/16/2021","79.74","79.80","80.68","78.97","208.60K","-0.01%"
"11/17/2021","77.55","79.60","79.71","76.93","504.94K","-2.75%"
"11/18/2021","78.41","77.49","78.80","76.44","426.77K","1.11%"
"11/19/2021","75.94","78.29","79.33","75.09","623.45K","-3.15%"
"11/22/2021","76.12","75.07","76.47","74.06","112.64K","0.24%"
"11/23/2021","77.94","75.81","78.23","74.77","171.03K","2.39%"
"11/24/2021","77.81","77.90","78.59","77.41","83.84K","-0.17%"
"11/25/2021","77.41","78.38","78.65","77.28","","-0.51%"
"11/26/2021","67.84","77.75","78.07","67.14","239.79K","-12.36%"
"11/29/2021","69.62","68.93","72.48","68.40","169.53K","2.62%"
"11/30/2021","65.85","69.69","70.86","64.16","184.46K","-5.42%"
"12/01/2021","65.37","66.68","69.18","64.62","164.81K","-0.73%"
"12/02/2021","66.27","65.38","67.23","62.26","188.62K","1.38%"
"12/03/2021","66.10","67.17","68.96","65.45","136.24K","-0.26%"
"12/06/2021","69.30","66.85","69.95","66.62","109.15K","4.84%"
"12/07/2021","71.84","69.28","72.72","69.28","176.32K","3.67%"
"12/08/2021","72.18","71.62","72.75","70.74","162.64K","0.47%"
"12/09/2021","70.79","72.36","73.13","70.23","144.30K","-1.93%"
"12/10/2021","71.48","70.52","72.15","70.19","185.50K","0.97%"
"12/13/2021","71.06","71.84","72.82","70.54","209.97K","-0.59%"
"12/14/2021","70.52","70.91","71.79","69.32","177.57K","-0.76%"
"12/15/2021","70.66","70.12","71.45","69.21","191.20K","0.20%"
"12/16/2021","72.15","71.28","72.74","70.87","329.08K","2.11%"
"12/17/2021","70.72","71.79","72.05","69.70","351.30K","-1.98%"
"12/20/2021","68.61","69.88","69.98","66.12","492.22K","-2.98%"
"12/21/2021","70.82","68.94","71.21","68.27","99.77K","3.22%"
"12/22/2021","72.33","70.97","72.71","70.48","94.30K","2.13%"
"12/23/2021","73.42","72.59","73.60","71.84","95.32K","1.51%"
"12/27/2021","75.18","73.00","75.68","72.22","76.67K","2.40%"
"12/28/2021","75.60","75.58","76.50","75.12","66.33K","0.56%"
"12/29/2021","76.18","75.71","76.99","75.01","78.61K","0.77%"
"12/30/2021","76.61","76.20","77.06","75.42","61.02K","0.56%"
"12/31/2021","74.88","76.12","76.68","74.63","63.14K","-2.26%"
"01/03/2022","75.85","75.53","76.18","74.01","112.23K","1.30%"
"01/04/2022","76.74","75.80","77.40","75.47","156.45K","1.17%"
"01/05/2022","77.47","76.88","78.16","76.25","197.97K","0.95%"
"01/06/2022","78.88","76.79","79.56","76.28","244.00K","1.82%"
"01/07/2022","78.44","79.00","79.82","78.07","229.28K","-0.56%"
"01/10/2022","77.70","78.51","78.92","77.34","210.84K","-0.94%"
"01/11/2022","80.67","77.87","80.95","77.83","270.56K","3.82%"
"01/12/2022","82.02","80.71","82.41","80.55","303.16K","1.67%"
"01/13/2022","81.62","82.12","82.29","80.91","289.31K","-0.49%"
"01/14/2022","83.30","81.21","83.79","81.10","323.11K","2.06%"
"01/16/2022","83.83","83.78","84.09","83.68","","0.64%"
"01/17/2022","83.69","83.84","83.95","82.94","","-0.17%"
"01/18/2022","84.83","83.77","85.98","82.93","494.00K","1.36%"
"01/19/2022","85.80","85.89","86.79","84.99","511.05K","1.14%"
"01/20/2022","85.55","85.06","87.10","84.20","532.20K","-0.29%"
"01/21/2022","84.14","83.65","84.53","81.96","159.57K","-1.65%"
"01/24/2022","82.41","83.84","85.10","81.06","153.83K","-2.06%"
"01/25/2022","84.37","83.32","84.54","82.14","223.59K","2.38%"
"01/26/2022","85.96","84.10","86.51","83.84","175.93K","1.88%"
"01/27/2022","85.29","85.71","87.08","84.90","153.94K","-0.78%"
"01/28/2022","85.43","86.00","87.36","85.06","144.85K","0.16%"
"01/31/2022","86.49","85.92","86.68","84.96","144.70K","1.24%"
"02/01/2022","86.46","86.45","87.12","84.92","151.60K","-0.03%"
"02/02/2022","86.69","86.64","87.93","85.56","189.90K","0.27%"
"02/03/2022","88.45","86.40","88.59","85.24","220.87K","2.03%"
"02/04/2022","90.33","88.33","90.98","88.18","175.47K","2.13%"
"02/07/2022","89.77","89.88","90.97","89.08","247.67K","-0.62%"
"02/08/2022","87.90","89.98","90.07","87.07","188.54K","-2.08%"
"02/09/2022","88.53","88.40","89.17","87.15","255.17K","0.72%"
"02/10/2022","88.56","88.84","90.26","87.87","255.08K","0.03%"
"02/11/2022","91.42","88.56","92.74","87.79","310.81K","3.23%"
"02/14/2022","93.50","92.06","93.83","90.45","213.15K","2.28%"
"02/15/2022","90.21","92.84","93.16","88.94","258.03K","-3.52%"
"02/16/2022","91.83","90.31","93.07","88.20","351.33K","1.80%"
"02/17/2022","90.04","89.25","91.51","88.83","442.04K","-1.95%"
"02/18/2022","90.21","90.06","91.07","87.46","566.36K","0.19%"
"02/20/2022","91.62","91.22","91.74","91.08","","1.56%"
"02/21/2022","92.65","91.62","93.91","89.08","","1.12%"
"02/22/2022","91.91","91.32","94.95","89.06","789.04K","-0.80%"
"02/23/2022","90.69","90.31","92.36","89.34","150.13K","-1.33%"
"02/24/2022","90.94","91.08","98.44","89.65","289.12K","0.28%"
"02/25/2022","89.89","91.48","93.73","88.49","160.46K","-1.15%"
"02/28/2022","93.50","92.97","96.92","92.42","176.43K","4.02%"
"03/01/2022","100.21","93.88","103.06","93.21","285.55K","7.18%"
"03/02/2022","107.06","103.43","108.91","101.86","219.17K","6.84%"
"03/03/2022","104.61","107.27","112.65","103.14","190.66K","-2.29%"
"03/04/2022","112.11","105.04","112.54","104.36","167.99K","7.17%"
"03/07/2022","115.80","116.03","126.42","111.87","202.56K","3.29%"
"03/08/2022","119.65","116.98","124.98","113.66","200.16K","3.32%"
"03/09/2022","105.05","120.66","122.73","99.55","249.98K","-12.20%"
"03/10/2022","102.99","106.59","110.91","102.38","203.84K","-1.96%"
"03/11/2022","106.30","103.00","107.17","101.27","166.35K","3.21%"
"03/14/2022","101.18","106.64","106.65","97.89","162.18K","-4.82%"
"03/15/2022","94.79","100.55","100.92","92.20","205.70K","-6.32%"
"03/16/2022","93.59","93.70","97.93","92.68","163.42K","-1.27%"
"03/17/2022","101.65","94.08","102.69","93.41","221.54K","8.61%"
"03/18/2022","103.09","102.23","104.67","100.96","207.44K","1.42%"
"03/21/2022","109.97","103.62","111.08","102.47","279.31K","6.67%"
"03/22/2022","109.27","110.91","113.35","107.10","318.63K","-0.64%"
"03/23/2022","111.99","105.84","112.34","105.69","120.34K","2.49%"
"03/24/2022","109.43","111.41","113.51","107.79","106.02K","-2.29%"
"03/25/2022","111.06","108.29","111.26","105.86","103.66K","1.49%"
"03/28/2022","103.42","110.22","110.22","100.43","125.75K","-6.88%"
"03/29/2022","102.05","101.29","105.45","96.52","119.63K","-1.32%"
"03/30/2022","105.68","103.04","106.44","102.41","83.36K","3.56%"
"03/31/2022","98.52","105.30","105.64","97.88","185.64K","-6.78%"
"04/01/2022","97.90","99.77","100.00","96.22","132.55K","-0.63%"
"04/04/2022","101.84","97.68","102.44","96.83","123.55K","4.02%"
"04/05/2022","100.68","102.16","104.07","98.63","107.31K","-1.14%"
"04/06/2022","95.41","99.95","102.63","94.93","159.99K","-5.23%"
"04/07/2022","95.51","96.29","97.95","93.21","168.76K","0.10%"
"04/08/2022","97.73","96.31","98.12","94.72","135.35K","2.32%"
"04/11/2022","93.92","97.84","97.95","92.60","156.57K","-3.90%"
"04/12/2022","100.15","94.84","100.82","94.52","168.89K","6.63%"
"04/13/2022","103.79","100.35","104.00","99.51","186.11K","3.63%"
"04/14/2022","106.38","103.79","107.00","101.69","159.77K","2.50%"
"04/18/2022","107.61","106.46","109.20","105.43","202.72K","1.16%"
"04/19/2022","102.05","107.06","108.37","101.51","339.81K","-5.17%"
"04/20/2022","102.19","102.38","103.96","99.88","299.03K","0.14%"
"04/21/2022","102.96","101.66","104.47","101.25","74.66K","0.75%"
"04/22/2022","101.05","102.01","103.34","100.08","60.24K","-1.86%"
"04/25/2022","97.67","100.38","100.48","94.47","87.65K","-3.34%"
"04/26/2022","100.41","97.77","101.50","96.37","100.12K","2.81%"
"04/27/2022","100.68","100.76","101.68","98.65","76.99K","0.27%"
"04/28/2022","103.47","100.59","103.77","98.75","104.93K","2.77%"
"04/29/2022","102.94","103.12","105.99","102.14","98.35K","-0.51%"
"05/02/2022","103.42","102.15","104.19","98.87","89.43K","0.47%"
"05/03/2022","100.90","103.19","104.06","100.58","97.51K","-2.44%"
"05/04/2022","106.22","101.99","107.00","101.41","92.05K","5.27%"
"05/05/2022","106.74","106.07","109.77","104.95","97.44K","0.49%"
"05/06/2022","108.33","107.07","109.53","105.72","119.33K","1.49%"
"05/09/2022","101.77","108.97","109.00","100.81","148.44K","-6.06%"
"05/10/2022","98.45","100.96","102.78","97.61","156.44K","-3.26%"
"05/11/2022","104.03","97.74","104.74","96.93","179.72K","5.67%"
"05/12/2022","104.40","103.94","105.55","101.11","179.61K","0.36%"
"05/13/2022","108.63","104.91","108.77","104.64","134.31K","4.05%"
"05/16/2022","111.82","109.00","112.47","106.27","166.04K","2.94%"
"05/17/2022","109.63","111.61","113.20","108.96","204.75K","-1.96%"
"05/18/2022","107.04","110.77","112.39","106.06","311.84K","-2.36%"
"05/19/2022","109.89","106.96","110.16","103.24","340.08K","2.66%"
"05/20/2022","110.28","109.26","111.04","108.13","229.93K","0.35%"
"05/23/2022","107.54","107.34","108.76","106.32","70.51K","-2.48%"
"05/24/2022","107.20","107.68","108.76","105.94","65.22K","-0.32%"
"05/25/2022","107.75","107.68","108.97","106.71","56.92K","0.51%"
"05/26/2022","111.25","108.05","111.88","107.60","78.22K","3.25%"
"05/27/2022","112.23","111.25","112.42","110.06","57.72K","0.88%"
"05/29/2022","115.61","115.30","115.81","115.20","","3.01%"
"05/30/2022","117.61","115.58","117.79","115.39","","1.73%"
"05/31/2022","111.91","112.10","117.07","111.50","113.51K","-4.85%"
"06/01/2022","112.72","112.74","115.00","111.86","91.07K","0.72%"
"06/02/2022","114.30","112.27","115.10","108.94","114.86K","1.40%"
"06/03/2022","116.23","114.90","117.77","112.73","74.48K","1.69%"
"06/06/2022","116.06","118.17","118.28","115.15","77.61K","-0.15%"
"06/07/2022","117.10","116.66","118.00","115.04","140.80K","0.90%"
"06/08/2022","119.78","117.70","120.75","117.02","131.93K","2.29%"
"06/09/2022","119.09","120.11","120.40","118.52","122.09K","-0.58%"
"06/10/2022","118.12","119.07","120.15","115.84","133.85K","-0.81%"
"06/13/2022","118.25","117.71","119.57","114.90","150.05K","0.11%"
"06/14/2022","116.26","118.45","120.88","114.20","203.95K","-1.68%"
"06/15/2022","113.09","116.41","116.93","112.37","198.93K","-2.73%"
"06/16/2022","115.25","114.09","115.73","110.43","291.85K","1.91%"
"06/17/2022","107.99","114.74","116.58","106.40","426.00K","-6.30%"
"06/19/2022","108.94","108.97","109.34","108.78","","0.88%"
"06/20/2022","108.84","108.97","109.17","106.84","","-0.09%"
"06/21/2022","109.52","108.75","111.16","106.82","427.26K","0.62%"
"06/22/2022","103.99","107.33","107.56","99.66","141.20K","-5.05%"
"06/23/2022","101.58","102.53","104.62","100.24","120.06K","-2.32%"
"06/24/2022","104.45","101.31","105.44","100.84","116.65K","2.83%"
"06/27/2022","106.38","104.37","107.28","102.48","90.13K","1.85%"
"06/28/2022","108.89","107.00","109.31","106.59","107.61K","2.36%"
"06/29/2022","107.01","109.00","111.14","106.45","101.28K","-1.73%"
"06/30/2022","103.10","106.67","107.76","102.68","156.01K","-3.65%"
"07/01/2022","105.39","103.33","106.26","101.94","99.69K","2.22%"
"07/03/2022","108.19","108.67","108.81","108.14","","2.66%"
"07/04/2022","110.40","108.17","110.77","107.25","","2.04%"
"07/05/2022","96.52","105.60","108.28","94.62","199.37K","-12.57%"
"07/06/2022","94.98","97.44","99.11","92.18","166.60K","-1.60%"
"07/07/2022","99.25","94.62","100.78","93.00","144.92K","4.50%"
"07/08/2022","101.53","98.92","101.97","98.40","124.09K","2.30%"
"07/11/2022","101.21","101.33","102.00","97.94","142.49K","-0.32%"
"07/12/2022","93.31","100.57","100.57","92.83","191.25K","-7.81%"
"07/13/2022","93.83","93.30","95.34","91.14","187.17K","0.56%"
"07/14/2022","92.83","94.14","94.49","88.23","255.52K","-1.07%"
"07/15/2022","94.57","93.51","96.05","91.64","189.25K","1.87%"
"07/18/2022","99.42","94.34","99.62","92.88","291.70K","5.13%"
"07/19/2022","100.74","98.86","100.99","96.52","327.21K","1.33%"
"07/20/2022","99.88","100.34","100.72","98.16","315.62K","-0.85%"
"07/21/2022","93.78","96.88","96.93","91.84","106.70K","-6.11%"
"07/22/2022","92.43","93.78","95.24","91.77","106.60K","-1.44%"
"07/25/2022","94.42","92.83","94.62","90.79","92.70K","2.15%"
"07/26/2022","92.88","93.95","96.60","92.64","89.07K","-1.63%"
"07/27/2022","95.29","93.51","96.53","92.30","105.40K","2.59%"
"07/28/2022","94.65","96.09","97.82","94.28","96.14K","-0.67%"
"07/29/2022","96.75","95.42","99.75","94.59","116.64K","2.22%"
"08/01/2022","92.39","96.44","96.68","90.96","144.82K","-4.51%"
"08/02/2022","93.22","92.20","95.09","91.11","133.90K","0.90%"
"08/03/2022","89.74","92.69","95.33","89.47","141.60K","-3.73%"
"08/04/2022","87.56","89.99","90.88","86.62","107.06K","-2.43%"
"08/05/2022","88.08","87.04","89.72","86.06","134.18K","0.59%"
"08/08/2022","89.93","87.52","90.06","86.33","130.08K","2.10%"
"08/09/2022","89.67","89.87","91.80","88.29","130.89K","-0.29%"
"08/10/2022","91.20","89.71","91.63","87.04","157.22K","1.71%"
"08/11/2022","93.53","90.82","94.17","90.57","162.98K","2.55%"
"08/12/2022","91.46","93.33","94.02","90.53","132.28K","-2.21%"
"08/15/2022","88.85","91.30","91.47","86.29","134.21K","-2.85%"
"08/16/2022","86.16","87.39","90.07","85.37","191.53K","-3.03%"
"08/17/2022","87.69","86.71","88.66","85.48","187.60K","1.78%"
"08/18/2022","90.11","87.10","91.03","86.92","247.56K","2.76%"
"08/19/2022","90.44","90.00","91.69","87.95","255.42K","0.37%"
"08/22/2022","90.36","89.63","91.03","86.28","352.67K","-0.09%"
"08/23/2022","93.25","90.10","93.65","90.10","92.18K","3.20%"
"08/24/2022","94.40","93.23","94.92","92.36","92.60K","1.23%"
"08/25/2022","92.19","94.82","95.30","91.95","81.50K","-2.34%"
"08/26/2022","92.39","92.68","93.62","90.69","100.62K","0.22%"
"08/29/2022","96.19","92.28","96.46","91.66","85.04K","4.11%"
"08/30/2022","91.17","95.80","96.82","90.06","120.37K","-5.22%"
"08/31/2022","89.03","91.85","92.26","87.92","99.45K","-2.35%"
"09/01/2022","86.22","88.31","89.10","85.62","85.18K","-3.16%"
"09/02/2022","86.48","85.99","89.15","85.93","81.80K","0.30%"
"09/04/2022","88.25","86.91","88.28","86.91","","2.05%"
"09/05/2022","88.96","88.27","90.37","87.98","","0.80%"
"09/06/2022","86.51","86.49","89.99","85.88","104.66K","-2.75%"
"09/07/2022","81.63","86.53","87.33","81.18","123.25K","-5.64%"
"09/08/2022","83.07","81.57","83.72","80.89","131.42K","1.76%"
"09/09/2022","86.36","82.30","86.68","82.23","139.12K","3.96%"
"09/12/2022","87.41","85.84","88.64","84.78","133.78K","1.22%"
"09/13/2022","86.89","87.82","88.90","84.66","183.48K","-0.59%"
"09/14/2022","88.05","87.24","89.63","85.75","208.02K","1.34%"
"09/15/2022","84.65","88.70","88.70","84.09","182.29K","-3.86%"
"09/16/2022","84.76","84.66","86.18","83.86","231.14K","0.13%"
"09/19/2022","85.36","84.81","85.88","81.73","262.90K","0.71%"
"09/20/2022","83.94","85.02","86.12","83.01","279.81K","-1.66%"
"09/21/2022","82.43","83.60","85.99","82.00","144.13K","-1.80%"
"09/22/2022","83.03","82.54","85.44","81.89","121.08K","0.73%"
"09/23/2022","78.25","83.15","83.45","77.64","143.23K","-5.76%"
"09/26/2022","76.18","78.75","79.76","75.70","106.23K","-2.65%"
"09/27/2022","77.81","75.90","78.92","75.88","123.82K","2.14%"
"09/28/2022","81.24","77.38","81.40","75.84","156.31K","4.41%"
"09/29/2022","80.42","81.00","81.99","79.45","127.46K","-1.01%"
"09/30/2022","78.72","80.86","81.72","78.36","95.34K","-2.11%"
"10/03/2022","82.70","80.29","83.61","80.19","135.99K","5.06%"
"10/04/2022","85.50","82.57","85.98","82.33","156.00K","3.39%"
"10/05/2022","86.84","85.30","87.42","84.53","160.03K","1.57%"
"10/06/2022","87.59","87.12","88.20","86.15","108.49K","0.86%"
"10/07/2022","91.35","88.12","92.00","87.15","242.27K","4.29%"
"10/10/2022","89.84","92.23","92.34","89.29","156.09K","-1.65%"
"10/11/2022","87.97","89.75","90.15","86.59","187.52K","-2.08%"
"10/12/2022","86.06","87.25","88.66","85.05","211.34K","-2.17%"
"10/13/2022","87.95","86.01","88.38","84.43","185.66K","2.20%"
"10/14/2022","84.65","88.15","88.52","84.22","161.13K","-3.75%"
"10/17/2022","84.53","84.63","86.18","83.70","174.19K","-0.14%"
"10/18/2022","82.07","84.80","85.53","81.30","367.50K","-2.91%"
"10/19/2022","84.52","82.91","85.02","81.72","357.72K","2.99%"
"10/20/2022","84.51","84.91","87.14","84.16","338.34K","-0.01%"
"10/21/2022","83.95","83.78","84.64","82.05","83.09K","-0.66%"
"10/24/2022","83.59","84.05","84.80","81.61","58.38K","-0.43%"
"10/25/2022","84.31","83.93","85.00","82.14","77.80K","0.86%"
"10/26/2022","86.68","84.03","87.17","83.17","80.03K","2.81%"
"10/27/2022","87.83","87.06","88.45","86.12","110.53K","1.33%"
"10/28/2022","86.61","87.41","87.51","85.86","78.71K","-1.39%"
"10/31/2022","85.40","87.06","87.36","84.16","81.40K","-1.40%"
"11/01/2022","87.19","85.20","88.27","84.85","81.92K","2.10%"
"11/02/2022","88.86","87.42","89.14","86.60","86.74K","1.92%"
"11/03/2022","87.18","88.32","88.53","86.55","80.43K","-1.89%"
"11/04/2022","91.45","86.92","91.67","86.84","104.87K","4.90%"
"11/07/2022","90.73","90.50","92.53","89.31","143.34K","-0.79%"
"11/08/2022","88.00","90.82","91.10","87.63","162.91K","-3.01%"
"11/09/2022","85.00","87.73","88.26","84.69","200.28K","-3.41%"
"11/10/2022","85.66","84.96","86.49","83.90","160.49K","0.78%"
"11/11/2022","88.16","85.40","89.20","85.36","154.79K","2.92%"
"11/14/2022","85.16","88.24","89.03","84.51","183.53K","-3.40%"
"11/15/2022","86.25","84.62","88.05","83.54","239.60K","1.28%"
"11/16/2022","85.00","86.23","86.90","83.67","191.29K","-1.45%"
"11/17/2022","81.40","84.98","84.98","81.19","390.06K","-4.24%"
"11/18/2022","80.11","81.86","82.43","77.59","480.54K","-1.58%"
"11/21/2022","80.04","80.26","80.50","75.27","475.10K","-0.09%"
"11/22/2022","80.73","80.14","82.03","79.74","85.20K","0.86%"
"11/23/2022","78.07","80.86","81.70","76.95","120.39K","-3.29%"
"11/24/2022","77.95","77.53","78.19","76.92","","-0.15%"
"11/25/2022","76.43","77.57","79.92","76.37","59.52K","-1.95%"
"11/28/2022","77.33","76.19","77.89","73.77","132.62K","1.18%"
"11/29/2022","78.28","76.66","79.73","76.40","109.11K","1.23%"
"11/30/2022","80.66","78.98","81.41","78.48","90.29K","3.04%"
"12/01/2022","81.14","80.61","83.27","80.07","116.20K","0.60%"
"12/02/2022","80.05","81.35","82.12","79.73","96.43K","-1.34%"
"12/05/2022","77.08","80.03","82.75","76.92","105.02K","-3.71%"
"12/06/2022","74.46","77.46","78.05","73.62","120.67K","-3.40%"
"12/07/2022","72.28","74.73","75.53","72.06","148.54K","-2.93%"
"12/08/2022","71.58","72.65","75.19","71.27","245.39K","-0.97%"
"12/09/2022","71.21","71.92","73.00","70.31","146.59K","-0.52%"
"12/12/2022","73.28","72.02","74.00","70.48","148.97K","2.91%"
"12/13/2022","75.44","73.43","76.30","73.33","190.74K","2.95%"
"12/14/2022","77.31","75.22","77.76","74.96","185.52K","2.48%"
"12/15/2022","76.15","77.40","77.83","75.41","188.50K","-1.50%"
"12/16/2022","74.46","76.33","76.58","73.40","271.86K","-2.22%"
"12/19/2022","75.38","74.62","76.64","74.03","257.46K","1.24%"
"12/20/2022","76.23","75.77","76.96","74.46","254.79K","1.13%"
"12/21/2022","78.24","76.00","78.56","75.81","65.19K","2.64%"
"12/22/2022","77.42","78.28","79.77","77.01","62.70K","-1.05%"
"12/23/2022","79.64","78.14","80.19","77.87","79.46K","2.87%"
"12/26/2022","80.97","79.92","81.06","79.92","","1.67%"
"12/27/2022","79.64","79.99","81.21","79.28","67.69K","-1.64%"
"12/28/2022","79.08","80.02","80.02","77.45","62.68K","-0.70%"
"12/29/2022","78.50","79.01","79.01","76.94","53.32K","-0.73%"
"12/30/2022","80.45","78.75","80.81","77.85","72.81K","2.48%"
"01/02/2023","80.47","80.57","80.61","80.18","","0.02%"
"01/03/2023","77.12","80.66","81.62","76.81","139.84K","-4.16%"
"01/04/2023","73.10","77.41","77.62","73.01","149.77K","-5.21%"
"01/05/2023","73.92","73.51","75.15","72.74","112.45K","1.12%"
"01/06/2023","74.04","74.18","75.71","73.52","95.22K","0.16%"
"01/09/2023","74.92","73.87","76.97","73.79","154.20K","1.19%"
"01/10/2023","75.37","75.16","76.16","74.16","164.98K","0.60%"
"01/11/2023","77.68","75.06","78.06","74.56","179.83K","3.06%"
"01/12/2023","78.65","77.90","79.37","77.35","188.06K","1.25%"
"01/13/2023","80.11","78.58","80.37","78.23","189.32K","1.86%"
"01/15/2023","79.78","80.17","80.19","79.78","","-0.41%"
"01/16/2023","79.04","79.78","79.92","78.80","","-0.93%"
"01/17/2023","80.45","80.34","81.51","78.80","267.91K","1.78%"
"01/18/2023","79.80","81.34","82.66","79.21","326.23K","-0.81%"
"01/19/2023","80.61","79.43","81.49","78.45","321.13K","1.02%"
"01/20/2023","81.64","80.84","81.91","79.91","300.15K","1.28%"
"01/23/2023","81.93","82.12","82.89","81.32","104.29K","0.36%"
"01/24/2023","80.44","81.94","82.51","79.98","93.04K","-1.82%"
"01/25/2023","80.44","80.44","81.50","79.77","101.06K","0.00%"
"01/26/2023","81.28","80.44","82.38","80.21","98.18K","1.04%"
"01/27/2023","79.96","81.44","82.69","79.32","123.92K","-1.62%"
"01/30/2023","78.18","80.12","80.78","77.96","101.70K","-2.23%"
"01/31/2023","79.17","78.19","79.53","76.85","88.38K","1.27%"
"02/01/2023","76.73","79.35","80.01","76.37","113.87K","-3.08%"
"02/02/2023","76.20","77.06","77.54","75.30","94.84K","-0.69%"
"02/03/2023","73.74","76.25","78.28","73.47","126.22K","-3.23%"
"02/06/2023","74.47","73.64","74.87","72.64","120.92K","0.99%"
"02/07/2023","77.39","74.83","77.82","74.71","186.67K","3.92%"
"02/08/2023","78.69","77.70","78.78","77.32","155.18K","1.68%"
"02/09/2023","78.27","78.69","79.04","76.76","132.72K","-0.53%"
"02/10/2023","79.92","77.81","80.50","77.68","151.98K","2.11%"
"02/13/2023","80.33","80.05","80.78","78.67","155.59K","0.51%"
"02/14/2023","79.24","79.50","79.84","77.71","192.27K","-1.36%"
"02/15/2023","78.83","79.04","79.37","77.47","150.59K","-0.52%"
"02/16/2023","78.74","78.68","79.76","78.18","204.09K","-0.11%"
"02/17/2023","76.55","78.35","78.50","75.32","343.63K","-2.78%"
"02/19/2023","76.67","76.69","76.82","76.53","","0.16%"
"02/20/2023","77.30","76.69","77.74","76.33","","0.82%"
"02/21/2023","76.36","76.64","77.74","75.90","402.35K","-1.22%"
"02/22/2023","74.19","76.29","76.72","74.05","98.82K","-2.84%"
"02/23/2023","75.60","74.19","76.17","74.07","99.17K","1.90%"
"02/24/2023","76.47","75.85","76.75","74.30","101.33K","1.15%"
"02/27/2023","75.81","76.61","76.95","75.14","79.74K","-0.86%"
"02/28/2023","77.19","75.87","77.93","75.68","88.93K","1.82%"
"03/01/2023","77.83","76.93","78.00","76.30","104.50K","0.83%"
"03/02/2023","78.31","77.90","78.72","77.39","61.37K","0.62%"
"03/03/2023","79.79","78.02","80.00","76.00","99.09K","1.89%"
"03/06/2023","80.56","80.04","80.72","78.44","80.13K","0.97%"
"03/07/2023","77.72","80.59","81.04","77.18","163.00K","-3.53%"
"03/08/2023","76.81","77.36","77.88","76.26","136.03K","-1.17%"
"03/09/2023","75.84","76.65","78.17","75.57","147.72K","-1.26%"
"03/10/2023","76.78","75.78","77.20","74.92","143.19K","1.24%"
"03/13/2023","74.91","76.77","77.56","72.44","167.40K","-2.44%"
"03/14/2023","71.49","74.77","75.02","70.94","216.69K","-4.57%"
"03/15/2023","67.74","71.69","72.71","65.79","356.42K","-5.25%"
"03/16/2023","68.52","68.38","69.53","65.89","251.50K","1.15%"
"03/17/2023","66.93","68.47","69.83","65.38","482.49K","-2.32%"
"03/20/2023","67.82","66.90","67.90","64.36","418.54K","1.33%"
"03/21/2023","69.67","67.83","69.77","66.90","409.50K","2.73%"
"03/22/2023","71.02","69.57","71.43","69.03","148.11K","1.94%"
"03/23/2023","70.12","70.07","71.79","69.30","166.52K","-1.27%"
"03/24/2023","69.41","69.67","70.53","67.02","153.65K","-1.01%"
"03/27/2023","72.93","69.75","73.20","69.27","125.01K","5.07%"
"03/28/2023","73.34","72.93","74.04","72.33","138.51K","0.56%"
"03/29/2023","73.12","73.74","74.48","72.92","133.99K","-0.30%"
"03/30/2023","74.49","73.07","74.72","72.76","99.83K","1.87%"
"03/31/2023","75.80","74.44","75.83","73.89","125.24K","1.76%"
"04/03/2023","80.44","80.60","81.77","79.04","287.98K","6.12%"
"04/04/2023","80.72","80.49","81.81","79.64","148.22K","0.35%"
"04/05/2023","80.63","81.01","81.25","79.75","109.75K","-0.11%"
"04/06/2023","80.68","80.45","80.97","79.69","103.59K","0.06%"
"04/10/2023","79.77","80.50","81.19","79.65","120.66K","-1.13%"
"04/11/2023","81.49","79.87","81.55","79.40","158.75K","2.16%"
"04/12/2023","83.09","81.38","83.38","81.21","220.62K","1.96%"
"04/13/2023","82.04","83.07","83.27","82.00","155.56K","-1.26%"
"04/14/2023","82.43","82.30","82.99","81.64","205.48K","0.48%"
"04/17/2023","80.83","82.42","82.62","80.46","229.97K","-1.94%"
"04/18/2023","80.90","81.00","81.52","79.91","311.78K","0.09%"
"04/19/2023","79.24","80.96","81.24","78.53","350.78K","-2.05%"
"04/20/2023","77.37","79.03","79.07","76.97","361.41K","-2.36%"
"04/21/2023","77.71","76.85","78.14","76.49","109.19K","0.44%"
"04/24/2023","78.60","77.82","79.00","76.57","103.04K","1.15%"
"04/25/2023","76.87","78.55","78.90","76.33","134.66K","-2.20%"
"04/26/2023","74.19","76.93","77.70","73.94","180.08K","-3.49%"
"04/27/2023","74.58","74.30","75.12","73.88","125.42K","0.53%"
"04/28/2023","76.61","74.71","76.74","73.80","111.02K","2.72%"
"05/01/2023","75.51","76.47","76.49","74.40","64.06K","-1.44%"
"05/02/2023","71.55","75.55","75.96","71.32","152.45K","-5.24%"
"05/03/2023","68.55","71.43","71.67","67.90","188.01K","-4.19%"
"05/04/2023","68.51","68.27","69.76","63.90","160.32K","-0.06%"
"05/05/2023","71.27","68.63","71.72","68.46","115.12K","4.03%"
"05/08/2023","73.07","71.27","73.56","70.96","125.43K","2.53%"
"05/09/2023","73.62","72.72","73.69","71.28","135.29K","0.75%"
"05/10/2023","72.52","73.48","73.81","71.78","172.14K","-1.49%"
"05/11/2023","70.88","72.54","73.47","70.65","172.29K","-2.26%"
"05/12/2023","70.02","71.47","71.74","69.93","115.90K","-1.21%"
"05/15/2023","71.09","70.02","71.67","69.39","159.52K","1.53%"
"05/16/2023","70.84","71.28","71.76","70.44","153.07K","-0.35%"
"05/17/2023","72.89","70.60","73.30","70.05","219.09K","2.89%"
"05/18/2023","71.94","72.82","72.97","71.52","239.92K","-1.30%"
"05/19/2023","71.69","72.06","73.58","71.18","312.43K","-0.35%"
"05/22/2023","72.05","71.87","72.53","70.67","263.98K","0.50%"
"05/23/2023","72.85","72.00","73.72","71.63","92.34K","1.11%"
"05/24/2023","74.29","73.68","74.65","73.09","121.83K","1.98%"
"05/25/2023","71.93","74.18","74.34","71.03","154.73K","-3.18%"
"05/26/2023","72.76","71.99","73.12","71.59","77.58K","1.15%"
"05/28/2023","73.22","73.11","73.45","73.06","","0.63%"
"05/29/2023","72.87","73.22","73.55","72.05","","-0.48%"
"05/30/2023","69.60","73.22","73.62","69.16","117.50K","-4.49%"
"05/31/2023","68.24","69.67","69.81","67.21","157.34K","-1.95%"
"06/01/2023","70.20","67.81","71.14","67.67","135.27K","2.87%"
"06/02/2023","71.84","70.25","72.24","70.10","110.94K","2.34%"
"06/05/2023","72.26","75.10","75.70","71.85","148.98K","0.58%"
"06/06/2023","71.85","72.09","72.42","70.29","118.29K","-0.57%"
"06/07/2023","72.64","71.70","73.29","71.14","109.56K","1.10%"
"06/08/2023","71.44","72.57","73.37","69.21","236.21K","-1.65%"
"06/09/2023","70.33","71.11","71.93","70.26","160.29K","-1.55%"
"06/12/2023","67.29","70.42","70.49","66.96","223.62K","-4.32%"
"06/13/2023","69.58","67.45","69.97","67.31","253.16K","3.40%"
"06/14/2023","68.46","69.51","70.64","68.26","212.22K","-1.61%"
"06/15/2023","70.81","68.92","71.15","68.14","262.83K","3.43%"
"06/16/2023","71.93","70.81","72.03","70.18","297.84K","1.58%"
"06/18/2023","71.47","71.59","71.67","71.42","","-0.64%"
"06/19/2023","71.31","71.47","72.25","70.83","","-0.22%"
"06/20/2023","71.19","71.69","72.38","69.76","430.49K","-0.17%"
"06/21/2023","72.52","70.86","72.69","70.80","97.51K","1.87%"
"06/22/2023","69.63","72.40","72.62","69.07","234.79K","-3.99%"
"06/23/2023","69.32","69.66","69.77","67.52","113.92K","-0.45%"
"06/26/2023","69.54","69.93","70.24","68.88","94.21K","0.32%"
"06/27/2023","67.90","69.63","70.29","67.71","170.46K","-2.36%"
"06/28/2023","69.73","68.20","69.90","67.27","159.54K","2.70%"
"06/29/2023","70.02","69.37","70.73","69.11","106.17K","0.42%"
"06/30/2023","70.78","69.95","71.17","69.69","136.64K","1.09%"
"07/03/2023","69.91","70.61","71.88","69.82","107.16K","-1.23%"
"07/04/2023","71.06","70.08","71.34","69.91","","1.64%"
"07/05/2023","71.88","70.25","72.25","70.03","214.79K","1.15%"
"07/06/2023","71.79","71.85","72.37","70.28","217.75K","-0.13%"
"07/07/2023","73.77","71.85","73.82","71.22","178.32K","2.76%"
"07/10/2023","72.95","73.76","74.06","72.63","143.74K","-1.11%"
"07/11/2023","74.71","73.13","74.82","72.94","193.29K","2.41%"
"07/12/2023","75.54","74.70","75.94","74.53","251.40K","1.11%"
"07/13/2023","76.76","75.64","77.15","75.23","297.92K","1.62%"
"07/14/2023","75.32","77.02","77.11","75.06","204.78K","-1.88%"
"07/17/2023","74.08","74.88","76.00","73.78","248.26K","-1.65%"
"07/18/2023","75.66","74.08","75.90","73.82","388.37K","2.13%"
"07/19/2023","75.29","75.75","76.87","75.02","385.60K","-0.49%"
"07/20/2023","75.65","75.33","76.15","74.52","340.96K","0.48%"
"07/21/2023","76.78","75.45","76.98","75.45","106.73K","1.49%"
"07/24/2023","78.40","76.62","78.89","76.16","109.57K","2.11%"
"07/25/2023","79.20","78.47","79.46","77.93","122.79K","1.02%"
"07/26/2023","78.40","78.88","79.31","78.17","112.97K","-1.01%"
"07/27/2023","79.63","78.49","80.08","78.47","138.78K","1.57%"
"07/28/2023","80.18","79.33","80.29","78.67","101.33K","0.69%"
"07/31/2023","81.32","80.23","81.50","79.72","92.51K","1.42%"
"08/01/2023","80.92","81.25","81.74","80.17","105.36K","-0.49%"
"08/02/2023","79.13","81.54","81.95","78.68","135.80K","-2.21%"
"08/03/2023","81.08","79.40","81.40","78.33","150.29K","2.46%"
"08/04/2023","82.27","81.22","82.66","81.04","108.12K","1.47%"
"08/07/2023","81.49","82.27","82.73","81.08","123.01K","-0.95%"
"08/08/2023","82.36","82.04","82.52","79.52","187.84K","1.07%"
"08/09/2023","83.69","82.34","83.91","82.11","279.75K","1.61%"
"08/10/2023","82.29","83.51","84.16","82.04","166.86K","-1.67%"
"08/11/2023","82.57","82.33","83.16","81.75","174.30K","0.34%"
"08/14/2023","81.92","82.46","82.51","81.19","126.69K","-0.79%"
"08/15/2023","80.50","81.98","82.33","79.95","198.94K","-1.73%"
"08/16/2023","79.02","80.74","80.97","78.68","237.71K","-1.84%"
"08/17/2023","79.90","78.91","80.61","78.60","239.17K","1.11%"
"08/18/2023","80.66","79.58","80.97","79.02","377.45K","0.95%"
"08/21/2023","80.12","80.76","81.75","79.97","361.84K","-0.67%"
"08/22/2023","79.64","80.25","80.37","79.46","287.49K","-0.60%"
"08/23/2023","78.59","79.35","79.60","77.34","127.19K","-1.32%"
"08/24/2023","78.66","78.30","78.95","77.32","149.90K","0.09%"
"08/25/2023","79.49","78.49","79.98","77.82","165.22K","1.06%"
"08/28/2023","79.67","79.69","80.44","79.25","71.33K","0.23%"
"08/29/2023","80.68","79.55","80.91","78.94","88.15K","1.27%"
"08/30/2023","81.12","80.78","81.54","80.43","80.26K","0.55%"
"08/31/2023","82.96","81.14","83.02","81.00","150.23K","2.27%"
"09/01/2023","84.75","82.90","85.19","82.78","169.83K","2.16%"
"09/03/2023","85.85","86.06","86.06","85.73","","1.30%"
"09/04/2023","85.82","85.85","86.14","85.28","","-0.03%"
"09/05/2023","86.01","85.19","87.25","84.29","154.05K","0.22%"
"09/06/2023","86.79","86.02","87.27","85.31","135.35K","0.91%"
"09/07/2023","86.15","86.80","86.99","85.68","111.07K","-0.74%"
"09/08/2023","86.81","86.01","87.20","85.49","125.62K","0.77%"
"09/11/2023","86.66","86.74","87.49","86.12","179.00K","-0.17%"
"09/12/2023","88.16","86.62","88.62","86.58","217.68K","1.73%"
"09/13/2023","87.88","88.07","88.92","87.66","250.86K","-0.32%"
"09/14/2023","89.61","88.19","90.20","88.04","257.68K","1.97%"
"09/15/2023","90.02","90.07","90.56","88.65","321.84K","0.46%"
"09/18/2023","90.58","90.41","91.36","89.91","414.19K","0.62%"
"09/19/2023","90.48","90.97","92.43","90.31","537.52K","-0.11%"
"09/20/2023","89.66","90.63","91.07","88.97","457.85K","-0.91%"
"09/21/2023","88.32","88.07","89.50","87.15","162.03K","-1.49%"
"09/22/2023","88.35","88.27","89.65","87.82","253.89K","0.03%"
"09/25/2023","88.17","88.83","89.07","87.52","161.52K","-0.20%"
"09/26/2023","88.78","88.30","89.09","86.74","137.24K","0.69%"
"09/27/2023","91.30","88.92","91.73","88.80","293.27K","2.84%"
"09/28/2023","89.59","91.44","92.48","89.31","226.83K","-1.87%"
"09/29/2023","88.80","89.70","90.96","88.45","156.93K","-0.88%"
"10/02/2023","87.17","88.83","89.89","86.83","161.57K","-1.84%"
"10/03/2023","87.44","87.01","88.25","86.17","204.06K","0.31%"
"10/04/2023","82.55","87.44","87.76","82.50","217.23K","-5.59%"
"10/05/2023","80.81","82.85","83.23","80.61","234.18K","-2.11%"
"10/06/2023","81.28","81.05","81.69","80.20","277.71K","0.58%"
"10/09/2023","84.60","83.20","85.56","82.95","246.68K","4.08%"
"10/10/2023","84.13","84.70","84.94","83.39","246.75K","-0.56%"
"10/11/2023","82.07","84.16","84.72","81.63","286.84K","-2.45%"
"10/12/2023","81.80","81.84","83.75","81.31","296.21K","-0.33%"
"10/13/2023","86.35","82.27","86.51","82.17","290.38K","5.56%"
"10/16/2023","85.26","86.37","86.94","85.00","205.58K","-1.26%"
"10/17/2023","85.44","85.69","86.44","84.39","229.52K","0.21%"
"10/18/2023","87.27","86.41","88.57","86.25","384.53K","2.14%"
"10/19/2023","88.37","87.22","89.54","85.44","384.03K","1.26%"
"10/20/2023","88.08","89.09","89.85","87.53","311.92K","-0.33%"
"10/23/2023","84.42","86.69","87.00","84.30","101.18K","-4.16%"
"10/24/2023","82.97","85.05","85.22","82.16","136.15K","-1.72%"
"10/25/2023","84.69","82.99","84.85","81.44","141.32K","2.07%"
"10/26/2023","82.54","84.58","84.85","81.97","107.55K","-2.54%"
"10/27/2023","84.70","82.88","85.00","82.41","101.15K","2.62%"
"10/30/2023","81.68","84.25","84.39","81.16","119.75K","-3.57%"
"10/31/2023","80.50","81.96","82.77","80.26","135.89K","-1.44%"
"11/01/2023","80.10","80.98","82.82","79.96","160.14K","-0.50%"
"11/02/2023","82.16","80.44","82.44","80.01","158.21K","2.57%"
"11/03/2023","80.23","82.25","83.20","79.84","213.05K","-2.35%"
"11/06/2023","80.60","80.76","81.90","80.33","131.58K","0.46%"
"11/07/2023","77.21","80.69","80.79","76.99","198.96K","-4.21%"
"11/08/2023","75.31","77.03","77.43","74.92","219.20K","-2.46%"
"11/09/2023","75.75","75.63","77.12","75.18","172.86K","0.58%"
"11/10/2023","77.15","75.65","77.71","75.36","159.39K","1.85%"
"11/13/2023","78.19","77.18","78.54","76.19","157.42K","1.35%"
"11/14/2023","78.17","78.48","79.65","77.73","166.18K","-0.03%"
"11/15/2023","76.79","78.10","78.69","76.45","253.17K","-1.77%"
"11/16/2023","73.09","76.71","76.80","72.37","428.82K","-4.82%"
"11/17/2023","76.04","73.11","76.19","72.91","368.48K","4.04%"
"11/20/2023","77.83","75.80","78.46","75.41","270.64K","2.35%"
"11/21/2023","77.92","77.69","78.04","77.04","69.05K","0.12%"
"11/22/2023","77.25","77.92","78.11","73.98","99.86K","-0.86%"
"11/23/2023","76.34","76.69","76.81","75.31","","-1.18%"
"11/24/2023","75.77","76.94","77.25","75.32","74.98K","-0.75%"
"11/27/2023","75.09","75.57","76.42","74.35","84.35K","-0.90%"
"11/28/2023","76.59","75.32","77.13","74.88","121.44K","2.00%"
"11/29/2023","77.99","76.67","78.18","75.87","112.41K","1.83%"
"11/30/2023","76.05","77.79","79.67","75.16","209.44K","-2.49%"
"12/01/2023","74.25","75.71","76.81","74.13","127.63K","-2.37%"
"12/04/2023","73.32","74.76","75.20","72.87","158.42K","-1.25%"
"12/05/2023","72.53","73.59","74.34","72.24","142.71K","-1.08%"
"12/06/2023","69.65","72.33","72.84","69.39","183.91K","-3.97%"
"12/07/2023","69.59","69.57","70.70","69.08","144.37K","-0.09%"
"12/08/2023","71.44","70.00","71.81","69.75","124.73K","2.66%"
"12/11/2023","71.56","71.36","72.03","70.61","119.85K","0.17%"
"12/12/2023","68.85","71.67","72.20","68.49","189.45K","-3.79%"
"12/13/2023","69.72","68.99","70.15","67.98","185.24K","1.26%"
"12/14/2023","71.91","70.08","72.73","69.82","224.16K","3.14%"
"12/15/2023","71.78","71.91","72.56","70.64","262.87K","-0.18%"
"12/18/2023","72.82","72.05","74.61","70.99","354.89K","1.45%"
"12/19/2023","73.94","72.93","74.45","72.14","230.04K","1.54%"
"12/20/2023","74.45","74.31","75.56","73.87","98.97K","0.69%"
"12/21/2023","74.06","73.99","74.78","72.65","81.11K","-0.52%"
"12/22/2023","73.73","74.07","75.11","73.55","76.79K","-0.45%"
"12/25/2023","73.79","73.49","73.94","73.48","","0.08%"
"12/26/2023","75.71","73.74","76.31","73.32","56.76K","2.60%"
"12/27/2023","74.34","75.57","75.81","74.01","80.38K","-1.81%"
"12/28/2023","71.97","74.04","74.62","71.92","94.29K","-3.19%"
"12/29/2023","71.84","72.15","72.80","71.47","63.48K","-0.18%"
"01/01/2024","71.97","71.67","72.24","71.67","","0.18%"
"01/02/2024","70.62","71.90","73.80","70.32","108.52K","-1.88%"
"01/03/2024","72.89","70.77","73.36","69.56","129.06K","3.21%"
"01/04/2024","72.36","73.20","74.12","71.24","144.60K","-0.73%"
"01/05/2024","73.86","72.51","74.30","72.35","164.95K","2.07%"
"01/08/2024","70.92","73.60","73.98","70.25","193.27K","-3.98%"
"01/09/2024","72.29","70.92","72.99","70.63","204.37K","1.93%"
"01/10/2024","71.44","72.20","73.55","71.09","198.04K","-1.18%"
"01/11/2024","72.09","71.35","73.81","71.24","240.34K","0.91%"
"01/12/2024","72.79","73.16","75.28","72.48","244.20K","0.97%"
"01/15/2024","72.79","72.69","73.09","71.41","","0.00%"
"01/16/2024","72.52","72.73","73.68","71.39","312.94K","-0.37%"
"01/17/2024","72.48","72.11","72.86","70.62","348.48K","-0.06%"
"01/18/2024","73.95","72.73","74.19","72.10","396.28K","2.03%"
"01/19/2024","73.25","73.92","74.63","72.99","360.03K","-0.95%"
"01/22/2024","74.76","73.60","75.46","72.56","372.28K","2.06%"
"01/23/2024","74.27","74.62","75.10","73.35","107.72K","-0.66%"
"01/24/2024","74.98","74.47","75.70","73.85","100.36K","0.96%"
"01/25/2024","77.19","75.30","77.32","75.05","89.28K","2.95%"
"01/26/2024","77.86","77.10","78.09","75.92","135.88K","0.87%"
"01/29/2024","76.67","78.72","79.09","76.30","103.54K","-1.53%"
"01/30/2024","77.65","76.75","77.95","75.73","118.71K","1.28%"
"01/31/2024","75.71","77.66","77.91","75.38","104.94K","-2.50%"
"02/01/2024","73.79","75.54","76.75","73.68","238.84K","-2.54%"
"02/02/2024","72.30","73.90","74.46","71.84","216.06K","-2.02%"
"02/05/2024","72.85","72.70","73.30","71.49","151.30K","0.76%"
"02/06/2024","73.37","72.81","73.88","72.48","123.62K","0.71%"
"02/07/2024","73.91","73.53","74.25","73.29","133.42K","0.74%"
"02/08/2024","76.19","74.12","76.49","73.65","229.89K","3.08%"
"02/09/2024","76.77","76.32","77.17","75.88","172.00K","0.76%"
"02/12/2024","76.82","76.54","77.00","75.49","169.64K","0.07%"
"02/13/2024","77.56","76.90","78.10","76.77","253.50K","0.96%"
"02/14/2024","76.36","77.48","78.43","76.12","276.33K","-1.55%"
"02/15/2024","77.59","76.33","78.07","75.52","342.33K","1.61%"
"02/16/2024","78.46","77.63","78.52","76.69","451.36K","1.12%"
"02/19/2024","78.11","78.16","78.56","77.64","","-0.45%"
"02/20/2024","77.04","78.34","78.56","76.80","435.24K","-1.37%"
"02/21/2024","77.31","76.74","77.45","75.95","133.71K","0.35%"
"02/22/2024","77.93","77.46","78.17","76.62","145.39K","0.80%"
"02/23/2024","76.08","77.71","77.74","75.89","134.05K","-2.37%"
"02/26/2024","77.09","76.04","77.55","75.50","117.05K","1.33%"
"02/27/2024","78.23","77.11","78.33","76.67","98.88K","1.48%"
"02/28/2024","77.83","77.88","78.83","77.17","142.99K","-0.51%"
"02/29/2024","77.45","77.50","78.35","77.20","154.80K","-0.49%"
"03/01/2024","79.09","77.49","79.87","77.30","175.93K","2.12%"
"03/04/2024","78.17","79.24","79.53","77.93","154.86K","-1.16%"
"03/05/2024","77.41","78.19","78.64","77.05","220.43K","-0.97%"
"03/06/2024","78.41","77.44","79.69","77.25","200.04K","1.29%"
"03/07/2024","78.32","78.41","78.89","77.47","215.58K","-0.11%"
"03/08/2024","77.50","78.77","79.29","77.05","175.73K","-1.05%"
"03/11/2024","77.53","77.24","78.03","76.43","175.74K","0.04%"
"03/12/2024","77.25","77.71","78.31","77.01","178.80K","-0.36%"
"03/13/2024","79.30","77.72","79.46","77.31","209.24K","2.65%"
"03/14/2024","80.74","79.24","81.03","79.15","248.80K","1.82%"
"03/15/2024","80.58","80.58","80.89","80.01","215.80K","-0.20%"
"03/18/2024","82.16","80.58","82.50","80.56","323.92K","1.96%"
"03/19/2024","82.73","82.21","83.12","81.81","341.70K","0.69%"
"03/20/2024","81.27","82.53","82.65","80.83","351.16K","-1.76%"
"03/21/2024","80.64","81.00","81.38","79.91","115.75K","-0.78%"
"03/22/2024","80.17","80.39","80.97","79.99","103.44K","-0.58%"
"03/25/2024","81.38","80.40","81.84","80.13","153.14K","1.51%"
"03/26/2024","81.04","81.44","81.77","80.63","118.75K","-0.42%"
"03/27/2024","80.78","80.71","81.12","79.99","109.07K","-0.32%"
"03/28/2024","82.42","81.11","82.46","80.91","148.49K","2.03%"
"04/01/2024","82.82","82.36","83.46","81.84","199.89K","0.49%"
"04/02/2024","84.22","83.14","84.56","82.96","197.83K","1.69%"
"04/03/2024","84.61","84.54","85.27","83.99","190.90K","0.46%"
"04/04/2024","85.81","84.82","86.41","83.94","218.70K","1.42%"
"04/05/2024","86.10","85.98","86.83","85.62","211.84K","0.34%"
"04/08/2024","85.53","85.19","86.21","83.93","207.99K","-0.66%"
"04/09/2024","84.46","85.69","86.07","84.29","198.56K","-1.25%"
"04/10/2024","85.44","84.57","85.60","83.86","233.96K","1.16%"
"04/11/2024","84.45","85.60","85.89","84.25","249.97K","-1.16%"
"04/12/2024","85.08","85.00","86.97","84.67","245.33K","0.75%"
"04/15/2024","84.86","84.99","85.50","83.49","253.34K","-0.26%"
"04/16/2024","84.83","85.16","85.60","84.22","217.44K","-0.04%"
"04/17/2024","82.15","84.82","84.97","82.01","387.63K","-3.16%"
"04/18/2024","82.10","82.28","82.84","81.06","366.75K","-0.06%"
"04/19/2024","82.22","81.99","85.64","81.13","556.46K","0.15%"
"04/22/2024","81.90","81.84","82.29","80.70","313.91K","-0.39%"
"04/23/2024","82.56","81.43","82.62","80.25","172.23K","0.81%"
"04/24/2024","82.09","82.60","82.90","81.71","142.45K","-0.57%"
"04/25/2024","82.75","82.09","83.00","81.27","132.56K","0.80%"
"04/26/2024","83.13","82.97","83.63","82.59","98.78K","0.46%"
"04/29/2024","82.03","82.99","83.19","81.81","170.81K","-1.32%"
"04/30/2024","81.28","82.16","82.65","80.34","233.66K","-0.91%"
"05/01/2024","78.44","80.86","80.90","78.28","235.28K","-3.49%"
"05/02/2024","78.48","78.60","79.34","77.91","174.67K","0.05%"
"05/03/2024","77.76","78.61","79.17","77.62","217.26K","-0.92%"
"05/06/2024","78.14","77.88","78.68","77.56","152.59K","0.49%"
"05/07/2024","78.06","78.39","78.80","77.29","192.57K","-0.10%"
"05/08/2024","78.56","77.96","78.80","76.63","228.44K","0.64%"
"05/09/2024","78.80","78.79","79.32","78.46","184.46K","0.31%"
"05/10/2024","77.84","79.11","79.47","77.73","164.35K","-1.22%"
"05/13/2024","78.60","77.76","78.99","77.35","200.28K","0.98%"
"05/14/2024","77.65","78.72","78.86","77.26","259.53K","-1.21%"
"05/15/2024","78.16","78.03","78.43","76.36","299.56K","0.66%"
"05/16/2024","78.74","78.36","79.30","77.75","277.25K","0.74%"
"05/17/2024","79.58","78.92","79.66","78.58","321.03K","1.07%"
"05/20/2024","79.30","79.58","80.11","78.67","342.09K","-0.35%"
"05/21/2024","78.66","79.23","79.30","77.65","371.67K","-0.81%"
"05/22/2024","77.15","77.90","78.03","76.85","139.45K","-1.92%"
"05/23/2024","76.46","76.90","78.21","76.03","125.72K","-0.89%"
"05/24/2024","77.23","76.62","77.55","75.75","139.52K","1.01%"
"05/27/2024","78.65","77.84","78.80","77.75","","1.84%"
"05/28/2024","79.35","77.36","79.79","77.24","121.48K","0.89%"
"05/29/2024","78.80","79.78","80.11","78.57","123.48K","-0.69%"
"05/30/2024","77.54","78.87","78.97","77.30","176.67K","-1.60%"
"05/31/2024","76.73","77.50","78.27","76.37","157.56K","-1.04%"
"06/03/2024","74.09","76.73","77.23","73.84","219.93K","-3.44%"
"06/04/2024","73.06","73.89","73.99","72.44","209.68K","-1.39%"
"06/05/2024","73.82","72.72","74.07","72.69","159.60K","1.04%"
"06/06/2024","75.24","74.03","75.47","73.82","145.06K","1.92%"
"06/07/2024","75.22","75.38","75.90","74.93","139.59K","-0.03%"
"06/10/2024","77.33","74.97","77.85","74.94","181.84K","2.81%"
"06/11/2024","77.55","77.65","77.99","76.86","202.57K","0.28%"
"06/12/2024","78.15","77.80","78.94","77.56","209.18K","0.77%"
"06/13/2024","78.26","78.01","78.54","77.35","301.73K","0.14%"
"06/14/2024","78.05","77.65","78.80","77.42","316.38K","-0.27%"
"06/17/2024","79.72","78.12","80.01","77.58","402.74K","2.14%"
"06/18/2024","80.71","79.92","80.85","79.17","485.71K","1.24%"
"06/19/2024","80.59","80.78","81.16","80.31","","-0.15%"
"06/20/2024","81.29","80.75","81.52","80.30","420.50K","0.87%"
"06/21/2024","79.96","80.44","80.94","79.59","163.22K","-1.64%"
"06/24/2024","80.86","79.77","80.99","79.52","158.61K","1.13%"
"06/25/2024","80.07","80.97","81.12","79.80","173.57K","-0.98%"
"06/26/2024","80.19","79.97","80.85","79.50","147.98K","0.15%"
"06/27/2024","80.83","80.14","81.21","79.81","158.90K","0.80%"
"06/28/2024","80.64","80.96","81.78","80.15","110.62K","-0.24%"
"07/01/2024","82.32","80.56","82.58","80.49","214.49K","2.08%"
"07/02/2024","81.91","82.39","83.22","81.83","225.17K","-0.50%"
"07/03/2024","83.02","82.25","83.07","81.59","156.73K","1.36%"
"07/04/2024","83.94","83.61","84.20","83.03","","1.11%"
"07/05/2024","82.26","82.75","83.58","82.19","168.80K","-2.00%"
"07/08/2024","81.52","82.36","82.50","81.29","143.02K","-0.90%"
"07/09/2024","80.56","81.45","81.65","80.42","166.79K","-1.18%"
"07/10/2024","81.07","80.92","81.60","79.95","193.21K","0.63%"
"07/11/2024","81.38","81.35","81.83","80.60","205.10K","0.38%"
"07/12/2024","81.02","81.55","82.29","80.91","276.67K","-0.44%"
"07/15/2024","80.84","80.96","81.35","80.36","216.42K","-0.22%"
"07/16/2024","79.71","80.85","80.87","79.22","272.20K","-1.40%"
"07/17/2024","81.44","79.82","81.63","79.43","419.58K","2.17%"
"07/18/2024","81.30","81.68","82.27","80.61","398.37K","-0.17%"
"07/19/2024","78.64","80.88","81.34","78.59","427.06K","-3.27%"
"07/22/2024","78.40","78.95","79.13","77.55","345.24K","-0.31%"
"07/23/2024","75.92","77.15","77.63","75.45","191.99K","-3.16%"
"07/24/2024","76.58","76.35","77.08","75.93","184.20K","0.87%"
"07/25/2024","77.11","76.43","77.28","75.05","224.03K","0.69%"
"07/26/2024","76.00","77.18","77.41","75.08","161.41K","-1.44%"
"07/29/2024","74.80","76.02","76.52","74.34","178.81K","-1.58%"
"07/30/2024","73.88","74.87","74.92","73.73","229.37K","-1.23%"
"07/31/2024","76.84","74.37","77.54","74.27","239.72K","4.01%"
"08/01/2024","75.40","77.47","77.72","75.32","182.47K","-1.87%"
"08/02/2024","72.59","75.89","76.30","72.12","216.86K","-3.73%"
"08/05/2024","72.20","73.26","73.53","70.88","228.05K","-0.54%"
"08/06/2024","72.34","73.14","73.77","71.46","175.21K","0.19%"
"08/07/2024","74.17","72.00","74.73","71.75","215.90K","2.53%"
"08/08/2024","75.04","74.37","75.27","73.53","205.55K","1.17%"
"08/09/2024","75.61","74.86","75.79","74.70","143.83K","0.76%"
"08/12/2024","78.46","75.62","78.54","75.44","244.98K","3.77%"
"08/13/2024","76.80","78.09","78.43","76.65","283.20K","-2.12%"
"08/14/2024","75.84","77.10","77.52","75.66","344.94K","-1.25%"
"08/15/2024","76.99","76.07","77.38","75.70","237.54K","1.52%"
"08/16/2024","75.54","76.81","76.98","74.52","317.68K","-1.88%"
"08/19/2024","73.66","75.47","75.73","73.45","422.10K","-2.49%"
"08/20/2024","73.17","73.74","74.38","72.54","329.28K","-0.67%"
"08/21/2024","71.30","72.42","73.39","70.88","178.98K","-2.56%"
"08/22/2024","72.28","71.36","72.77","71.00","143.77K","1.37%"
"08/23/2024","73.93","72.21","74.17","72.12","131.32K","2.28%"
"08/26/2024","76.17","74.13","76.40","74.08","209.30K","3.03%"
"08/27/2024","74.46","75.93","76.21","74.34","154.88K","-2.24%"
"08/28/2024","73.44","74.71","74.88","72.92","131.59K","-1.37%"
"08/29/2024","74.67","73.31","75.51","72.92","224.37K","1.67%"
"08/30/2024","72.65","74.69","75.31","72.46","210.33K","-2.71%"
"09/01/2024","72.98","73.33","73.42","72.97","","0.45%"
"09/02/2024","73.78","73.00","74.39","72.89","","1.10%"
"09/03/2024","69.59","72.64","73.35","69.37","231.78K","-5.68%"
"09/04/2024","68.52","69.54","70.61","68.16","235.03K","-1.54%"
"09/05/2024","68.50","68.52","70.01","68.13","210.22K","-0.03%"
"09/06/2024","66.98","68.66","69.41","66.51","165.62K","-2.22%"
"09/09/2024","67.91","67.42","68.14","66.61","163.36K","1.39%"
"09/10/2024","65.14","67.97","68.30","64.61","257.97K","-4.08%"
"09/11/2024","66.60","65.73","67.14","64.99","237.20K","2.24%"
"09/12/2024","68.15","66.68","68.93","66.55","221.59K","2.33%"
"09/13/2024","67.75","68.35","69.35","67.58","230.30K","-0.59%"
"09/16/2024","69.02","68.22","69.61","67.70","235.88K","1.87%"
"09/17/2024","69.96","69.35","70.65","68.51","289.93K","1.36%"
"09/18/2024","69.88","69.98","70.31","68.58","367.19K","-0.11%"
"09/19/2024","71.16","69.15","71.53","69.13","354.93K","1.83%"
"09/20/2024","71.00","71.18","71.45","70.37","307.00K","-0.22%"
"09/23/2024","69.61","70.43","70.94","68.73","185.35K","-1.96%"
"09/24/2024","70.84","69.96","71.60","69.69","167.02K","1.77%"
"09/25/2024","69.13","70.84","71.04","68.69","272.17K","-2.41%"
"09/26/2024","67.19","69.30","69.47","66.49","274.69K","-2.81%"
"09/27/2024","67.67","66.95","68.13","66.58","169.90K","0.71%"
"09/30/2024","67.77","68.08","68.83","67.14","189.29K","0.15%"
"10/01/2024","69.39","68.05","71.36","65.99","353.03K","2.39%"
"10/02/2024","69.69","70.30","71.95","69.45","241.14K","0.43%"
"10/03/2024","73.17","70.49","73.51","70.08","275.08K","4.99%"
"10/04/2024","73.68","73.35","74.84","72.94","262.04K","0.70%"
"10/07/2024","76.47","73.76","76.70","73.01","257.21K","3.79%"
"10/08/2024","72.98","76.63","77.70","72.12","329.53K","-4.56%"
"10/09/2024","72.59","73.27","73.82","71.00","228.02K","-0.53%"
"10/10/2024","75.11","72.73","75.45","72.62","206.39K","3.47%"
"10/11/2024","74.85","75.00","75.28","73.85","217.34K","-0.35%"
"10/14/2024","73.24","74.26","74.35","71.24","174.47K","-2.15%"
"10/15/2024","70.01","71.14","71.57","69.20","244.86K","-4.41%"
"10/16/2024","69.82","70.39","70.69","69.12","181.55K","-0.27%"
"10/17/2024","70.09","70.11","70.53","68.89","228.84K","0.39%"
"10/18/2024","68.69","70.17","70.67","68.17","335.56K","-2.00%"
"10/21/2024","70.04","68.94","70.39","68.46","302.75K","1.97%"
"10/22/2024","71.74","69.96","72.09","69.35","330.46K","2.43%"
"10/23/2024","70.37","70.94","71.29","69.76","119.31K","-1.91%"
"10/24/2024","69.84","70.62","71.87","69.41","83.73K","-0.75%"
"10/25/2024","71.35","70.02","71.52","69.63","99.41K","2.16%"
"10/28/2024","66.98","68.58","68.60","66.59","141.39K","-6.12%"
"10/29/2024","66.81","67.63","68.09","66.32","93.13K","-0.25%"
"10/30/2024","68.18","66.97","68.73","66.88","92.73K","2.05%"
"10/31/2024","68.81","68.65","70.31","67.87","109.20K","0.92%"
"11/01/2024","69.08","69.96","70.95","68.90","110.38K","0.39%"
"11/04/2024","71.03","69.87","71.36","69.84","108.26K","2.82%"
"11/05/2024","71.56","71.17","72.20","70.86","108.65K","0.75%"
"11/06/2024","71.24","71.57","72.18","69.35","158.53K","-0.45%"
"11/07/2024","71.96","71.41","72.41","70.27","187.30K","1.01%"
"11/08/2024","70.11","71.80","71.87","69.67","211.74K","-2.57%"
"11/11/2024","67.92","69.99","70.30","67.79","215.31K","-3.12%"
"11/12/2024","67.97","68.04","68.97","67.65","181.18K","0.07%"
"11/13/2024","68.26","67.82","68.69","66.80","254.21K","0.43%"
"11/14/2024","68.53","67.97","69.24","67.77","176.09K","0.40%"
"11/15/2024","66.92","68.45","68.51","66.71","200.77K","-2.35%"
"11/18/2024","69.17","66.77","69.37","66.53","300.55K","3.36%"
"11/19/2024","69.24","69.08","69.74","68.48","349.70K","0.10%"
"11/20/2024","68.75","69.28","69.96","68.64","235.64K","-0.71%"
"11/21/2024","69.77","68.83","70.09","68.62","131.44K","1.48%"
"11/22/2024","70.77","69.85","71.02","68.96","209.42K","1.43%"
"11/25/2024","68.58","70.96","70.96","68.36","146.70K","-3.09%"
"11/26/2024","68.44","68.70","69.91","67.73","98.59K","-0.20%"
"11/27/2024","68.35","68.57","69.01","67.81","87.85K","-0.13%"
"11/29/2024","67.72","68.39","69.32","67.60","106.39K","-0.92%"
"12/02/2024","67.84","67.77","68.83","67.44","95.00K","0.18%"
"12/03/2024","69.54","67.89","69.83","67.65","134.42K","2.51%"
"12/04/2024","68.19","69.58","70.11","68.14","141.67K","-1.94%"
"12/05/2024","67.96","68.38","68.77","67.66","129.14K","-0.34%"
"12/06/2024","66.98","68.08","68.13","66.71","207.12K","-1.44%"
"12/09/2024","68.09","66.93","68.59","66.85","176.71K","1.66%"
"12/10/2024","68.27","67.86","68.72","67.45","157.46K","0.26%"
"12/11/2024","69.87","68.15","70.08","68.12","231.68K","2.34%"
"12/12/2024","69.66","69.97","70.27","68.74","231.02K","-0.30%"
"12/13/2024","70.82","69.64","70.94","69.51","201.26K","1.67%"
"12/16/2024","70.29","71.00","71.00","69.98","210.75K","-0.75%"
"12/17/2024","69.65","70.23","70.54","68.81","280.90K","-0.91%"
"12/18/2024","70.02","69.82","70.80","69.39","326.61K","0.53%"
"12/19/2024","69.38","69.60","70.58","69.10","291.66K","-0.91%"
"12/20/2024","69.02","68.83","69.38","68.05","114.62K","-0.52%"
"12/23/2024","68.81","68.97","69.50","68.22","90.95K","-0.30%"
"12/24/2024","69.64","69.04","69.94","68.95","40.39K","1.21%"
"12/26/2024","69.23","69.72","70.25","68.94","69.64K","-0.59%"
"12/27/2024","70.18","69.27","70.32","69.06","79.13K","1.37%"
"12/30/2024","70.53","70.00","71.05","69.75","93.10K","0.50%"
"12/31/2024","71.25","70.69","71.52","70.43","63.63K","1.02%"
"01/02/2025","72.50","71.45","73.12","71.31","182.49K","1.75%"
"01/03/2025","73.21","72.46","73.50","72.10","220.66K","0.98%"
"01/06/2025","72.92","73.31","74.18","72.54","221.84K","-0.40%"
"01/07/2025","73.57","72.81","73.82","72.51","188.74K","0.89%"
"01/08/2025","72.67","73.81","74.44","72.51","261.48K","-1.22%"
"01/09/2025","73.24","72.66","73.61","72.20","162.00K","0.78%"
"01/10/2025","75.75","73.57","76.89","73.33","448.29K","3.43%"
"01/13/2025","77.30","75.68","77.64","75.67","493.44K","2.05%"
"01/14/2025","76.37","77.24","77.51","76.20","338.20K","-1.20%"
"01/15/2025","78.71","76.84","79.39","76.16","355.67K","3.06%"
"01/16/2025","78.68","80.40","80.59","77.87","159.95K","-0.04%"
"01/17/2025","77.88","78.75","79.44","77.76","112.41K","-1.02%"
"01/21/2025","75.89","78.19","78.47","75.49","28.41K","-2.56%"
"01/22/2025","75.44","75.88","76.45","75.28","315.33K","-0.59%"
"01/23/2025","74.62","75.39","76.00","74.14","350.69K","-1.09%"
"01/24/2025","74.66","74.30","75.21","74.01","319.68K","0.05%"
"01/27/2025","73.17","74.54","75.15","72.38","334.42K","-2.00%"
"01/28/2025","73.77","73.15","74.31","72.93","326.08K","0.82%"
"01/29/2025","72.62","73.95","74.08","72.33","312.73K","-1.56%"
"01/30/2025","72.73","73.00","73.84","72.02","336.48K","0.15%"
"01/31/2025","72.53","73.20","73.84","71.94","376.34K","-0.27%"
"02/03/2025","73.16","74.14","75.18","72.05","517.85K","0.87%"
"02/04/2025","72.70","72.35","73.35","70.67","452.96K","-0.63%"
"02/05/2025","71.03","72.76","72.97","70.96","289.90K","-2.30%"
"02/06/2025","70.61","71.18","71.85","70.43","299.04K","-0.59%"
"02/07/2025","71.00","70.56","71.41","70.47","273.77K","0.55%"
"02/10/2025","72.01","70.77","72.20","70.61","160.44K","1.42%"
"02/11/2025","73.08","72.11","73.33","72.00","195.49K","1.49%"
"02/12/2025","71.24","72.98","73.00","71.03","221.77K","-2.52%"
"02/13/2025","71.14","71.08","71.46","70.16","220.02K","-0.14%"
"02/14/2025","70.71","71.38","71.88","70.50","213.47K","-0.60%"
"02/18/2025","71.85","70.70","72.07","70.12","130.94K","1.61%"
"02/19/2025","72.25","71.78","73.04","71.71","69.01K","0.56%"
"02/20/2025","72.57","72.18","73.25","71.85","26.71K","0.44%"
"02/21/2025","70.40","72.58","72.77","70.17","268.47K","-2.99%"
"02/24/2025","70.70","69.80","70.94","69.80","205.47K","0.43%"
"02/25/2025","68.93","70.92","71.26","68.68","267.31K","-2.50%"
"02/26/2025","68.62","69.11","69.28","68.36","255.60K","-0.45%"
"02/27/2025","70.35","68.82","70.54","68.61","265.93K","2.52%"
"02/28/2025","69.76","70.17","70.29","69.14","250.07K","-0.84%"
"03/03/2025","68.37","69.95","70.60","67.89","332.75K","-1.99%"
"03/04/2025","68.26","68.46","68.56","66.77","386.75K","-0.16%"
"03/05/2025","66.31","68.08","68.10","65.22","382.49K","-2.86%"
"03/06/2025","66.36","66.39","67.09","65.59","341.63K","0.08%"
"03/07/2025","67.04","66.34","68.22","66.12","329.71K","1.02%"
"03/10/2025","65.68","66.78","67.24","65.45","173.46K","-2.03%"
"03/11/2025","65.93","65.60","66.79","65.00","134.71K","0.38%"
"03/12/2025","67.38","66.31","67.53","65.83","175.05K","2.20%"
"03/13/2025","66.27","67.38","67.65","66.08","212.01K","-1.65%"
"03/14/2025","66.91","66.48","67.19","66.33","161.84K","0.97%"
"03/17/2025","67.37","67.10","68.10","67.01","210.19K","0.69%"
"03/18/2025","66.90","67.40","68.72","66.56","110.34K","-0.70%"
"03/19/2025","67.16","66.72","67.63","66.21","73.08K","0.39%"
"03/20/2025","68.26","67.29","68.47","66.88","25.12K","1.64%"
"03/21/2025","68.28","68.35","68.65","67.65","198.96K","0.03%"
"03/24/2025","69.11","68.35","69.33","67.95","247.02K","1.22%"
"03/25/2025","69.00","69.16","69.68","68.52","258.41K","-0.16%"
"03/26/2025","69.65","69.16","70.22","69.06","262.41K","0.94%"
"03/27/2025","69.92","69.96","69.97","69.12","211.83K","0.39%"
"03/28/2025","69.36","69.91","70.09","68.87","246.65K","-0.80%"
"03/31/2025","71.48","69.43","71.83","68.81","313.09K","3.06%"
"04/01/2025","71.20","71.39","72.10","71.03","272.83K","-0.39%"
"04/02/2025","71.71","71.20","72.28","70.59","286.50K","0.72%"
"04/03/2025","66.95","70.38","70.41","65.98","459.24K","-6.64%"
"04/04/2025","61.99","66.64","66.90","60.45","559.64K","-7.41%"
"04/07/2025","60.70","61.12","63.90","58.95","597.62K","-2.08%"
"04/08/2025","59.58","61.03","61.75","57.88","557.66K","-1.85%"
"04/09/2025","62.35","58.32","62.93","55.12","592.25K","4.65%"
"04/10/2025","60.07","62.71","63.34","58.76","391.83K","-3.66%"
"04/11/2025","61.50","60.20","61.87","59.43","306.23K","2.38%"
"04/14/2025","61.05","61.15","62.07","60.12","224.09K","-0.73%"
"04/15/2025","60.75","61.09","61.57","60.38","206.48K","-0.49%"
"04/16/2025","62.47","61.54","62.98","60.44","213.19K","2.83%"
"04/17/2025","64.68","62.63","64.86","62.61","111.48K","3.54%"
"04/21/2025","63.08","64.30","64.42","62.45","82.67K","-2.47%"
"04/22/2025","64.31","63.43","65.09","63.43","34.95K","1.95%"
"04/23/2025","62.27","64.00","64.87","61.53","397.84K","-3.17%"
"04/24/2025","62.79","62.34","63.31","61.99","264.91K","0.84%"
"04/25/2025","63.02","62.86","63.41","61.80","283.76K","0.37%"
"04/28/2025","62.05","63.49","63.92","61.48","276.12K","-1.54%"
"04/29/2025","60.42","61.87","62.07","60.12","312.37K","-2.63%"
"04/30/2025","58.21","60.16","60.43","57.91","419.55K","-3.66%"
"05/01/2025","59.24","58.16","59.50","56.39","364.22K","1.77%"
"05/02/2025","58.29","58.99","59.87","57.74","322.10K","-1.60%"
"05/05/2025","57.13","56.76","57.70","55.30","308.39K","-1.99%"
"05/06/2025","59.09","57.25","59.84","57.03","343.89K","3.43%"
"05/07/2025","58.07","58.98","60.26","57.81","295.24K","-1.73%"
"05/08/2025","59.91","57.93","60.29","57.74","281.00K","3.17%"
"05/09/2025","61.02","60.25","61.45","59.89","239.64K","1.85%"
"05/12/2025","61.56","60.97","63.13","60.56","243.29K","0.88%"
"05/13/2025","63.25","61.55","63.44","61.23","203.23K","2.75%"
"05/14/2025","62.68","63.20","63.23","62.31","203.84K","-0.90%"
"05/15/2025","61.15","62.40","62.46","60.08","264.08K","-2.44%"
"05/16/2025","61.97","61.22","62.18","60.78","250.32K","1.34%"
"05/19/2025","62.69","62.75","63.40","61.57","95.57K","1.16%"
"05/20/2025","62.56","62.68","63.17","62.19","25.62K","-0.21%"
"05/21/2025","61.57","62.27","64.19","61.28","302.70K","-1.58%"
"05/22/2025","61.20","61.33","61.75","60.25","258.55K","-0.60%"
"05/23/2025","61.53","60.81","61.88","60.02","273.39K","0.54%"
"05/25/2025","61.93","61.73","62.15","61.58","","0.65%"
"05/26/2025","61.49","61.53","62.03","61.26","49.02K","-0.71%"
"05/27/2025","60.89","61.70","62.14","60.26","291.32K","-0.98%"
"05/28/2025","61.84","61.04","62.54","60.85","260.37K","1.56%"
"05/29/2025","60.94","61.83","63.07","60.55","299.86K","-1.46%"
"05/30/2025","60.79","60.94","61.72","59.74","384.93K","-0.25%"
"06/02/2025","62.52","61.11","63.88","61.06","403.58K","2.85%"
"06/03/2025","63.41","63.02","63.89","62.40","291.26K","1.42%"
"06/04/2025","62.85","63.36","63.96","62.17","321.13K","-0.88%"
"06/05/2025","63.37","62.76","63.98","62.50","232.42K","0.83%"
"06/06/2025","64.58","63.33","64.80","62.82","310.13K","1.91%"
"06/09/2025","64.22","63.81","64.34","63.27","137.42K","-0.56%"
"06/10/2025","63.91","64.10","65.10","63.51","207.74K","-0.48%"
"06/11/2025","66.90","63.67","67.11","63.54","260.69K","4.68%"
"06/12/2025","66.64","67.68","67.93","65.51","297.70K","-0.39%"
"06/13/2025","71.29","67.50","74.63","67.11","715.81K","6.98%"
"06/16/2025","71.77","76.54","77.49","69.38","367.31K","0.67%"
"06/17/2025","74.84","71.11","75.54","71.00","154.26K","4.28%"
"06/18/2025","75.14","75.61","76.07","72.94","524.54K","0.40%"
"06/19/2025","73.82","73.88","75.73","72.65","250.83K","-1.76%"
"06/20/2025","74.93","74.60","77.58","74.30","34.05K","1.50%"
"06/23/2025","68.51","78.00","78.40","66.60","728.87K","-8.57%"
"06/24/2025","64.37","67.74","67.83","64.00","541.48K","-6.04%"
"06/25/2025","64.92","65.12","66.03","64.51","278.50K","0.85%"
"06/26/2025","65.24","64.98","66.42","64.66","233.77K","0.49%"
"06/27/2025","65.52","65.30","66.09","64.80","236.28K","0.43%"
"06/30/2025","65.11","65.15","65.82","64.50","193.29K","-0.63%"
"07/01/2025","65.45","64.96","65.98","64.67","193.16K","0.52%"
"07/02/2025","67.45","65.56","67.58","65.23","265.20K","3.06%"
"07/03/2025","67.00","67.50","67.58","66.53","220.44K","-0.67%"
"07/04/2025","66.49","67.13","67.16","66.05","56.22K","-0.76%"
"07/07/2025","67.93","65.70","68.32","65.40","332.95K","2.17%"
"07/08/2025","68.33","67.96","68.91","67.33","219.88K","0.59%"
"07/09/2025","68.38","68.18","68.94","67.70","223.95K","0.07%"
"07/10/2025","66.57","68.29","68.65","66.45","258.65K","-2.65%"
"07/11/2025","68.45","66.85","68.77","66.50","226.30K","2.82%"
"07/14/2025","65.81","67.35","68.16","65.64","229.76K","-3.86%"
"07/15/2025","65.37","65.67","66.06","65.18","236.06K","-0.67%"
"07/16/2025","66.38","66.73","67.01","65.42","248.35K","1.55%"
"07/17/2025","67.54","66.60","67.69","66.29","188.80K","1.75%"
"07/18/2025","67.34","67.60","68.96","67.20","107.63K","-0.30%"
"07/21/2025","67.20","67.32","67.76","66.46","81.19K","-0.21%"
"07/22/2025","66.21","67.12","67.13","65.99","18.61K","-1.47%"
"07/23/2025","65.25","65.49","65.78","64.71","251.83K","-1.45%"
"07/24/2025","66.03","65.42","66.39","65.33","281.21K","1.20%"
"07/25/2025","65.16","66.15","66.74","65.00","234.28K","-1.32%"
"07/28/2025","66.71","65.15","67.14","65.05","262.04K","2.38%"
"07/29/2025","69.21","67.04","69.76","66.53","329.11K","3.75%"
"07/30/2025","70.00","69.34","70.51","68.45","345.34K","1.14%"
"07/31/2025","69.26","70.30","70.41","68.56","247.03K","-1.06%"
"08/01/2025","67.33","69.35","69.58","67.05","355.82K","-2.79%"
"08/04/2025","66.29","66.85","67.74","65.46","277.38K","-1.54%"
"08/05/2025","65.16","66.21","66.39","65.03","279.03K","-1.70%"
"08/06/2025","64.35","65.15","66.75","63.64","353.83K","-1.24%"
"08/07/2025","63.88","64.36","65.11","63.70","300.52K","-0.73%"
"08/08/2025","63.88","63.85","64.58","62.77","322.94K","0.00%"
"08/11/2025","63.09","62.65","63.54","62.21","146.96K","-1.24%"
"08/12/2025","62.48","63.20","63.48","62.35","205.01K","-0.97%"
"08/13/2025","61.93","62.38","62.59","61.29","211.24K","-0.88%"
"08/14/2025","63.96","62.79","64.10","62.58","251.65K","3.28%"
"08/15/2025","62.80","63.91","64.15","62.68","197.39K","-1.81%"
"08/18/2025","63.42","63.00","63.79","62.18","95.11K","0.99%"
"08/19/2025","62.35","63.27","63.39","62.25","99.48K","-1.69%"
"08/20/2025","63.21","62.60","63.55","62.39","27.16K","1.38%"
"08/21/2025","63.52","62.85","63.67","62.52","250.17K","0.49%"
"08/22/2025","63.66","63.50","63.93","63.31","223.17K","0.22%"
"08/25/2025","64.80","63.88","65.10","63.53","185.27K","1.79%"
"08/26/2025","63.25","64.75","64.76","63.13","199.10K","-2.39%"
"08/27/2025","64.15","63.31","64.23","62.95","193.48K","1.42%"
"08/28/2025","64.60","63.87","64.70","63.35","208.93K","0.70%"
"08/29/2025","64.01","64.26","64.55","63.88","183.26K","-0.91%"
"08/31/2025","63.96","63.98","64.01","63.92","","-0.08%"
"09/01/2025","64.64","64.61","64.88","63.67","60.13K","1.06%"
"09/02/2025","65.59","63.95","66.03","63.66","320.22K","1.47%"
"09/03/2025","63.97","65.62","65.72","63.72","298.74K","-2.47%"
"09/04/2025","63.48","63.82","63.84","62.72","251.69K","-0.77%"
"09/05/2025","61.87","63.33","63.49","61.45","294.54K","-2.54%"
"09/08/2025","62.26","62.00","63.34","61.85","237.29K","0.63%"
"09/09/2025","62.63","62.43","63.67","62.37","268.53K","0.59%"
"09/10/2025","63.67","62.74","64.08","62.72","260.68K","1.66%"
"09/11/2025","62.37","63.80","63.80","62.21","222.66K","-2.04%"
"09/12/2025","62.69","62.27","63.98","61.69","313.27K","0.51%"
"09/15/2025","63.02","62.69","63.38","62.26","143.25K","0.53%"
"09/16/2025","64.52","63.31","64.76","62.89","234.25K","2.38%"
"09/17/2025","64.05","64.59","64.67","63.69","165.43K","-0.73%"
"09/18/2025","63.57","63.99","64.55","63.33","82.32K","-0.75%"
"09/19/2025","62.68","63.59","63.65","62.60","87.17K","-1.40%"
"09/22/2025","62.64","62.74","63.18","61.98","18.65K","-0.06%"
"09/23/2025","63.41","62.33","63.89","61.85","265.95K","1.23%"
"09/24/2025","64.99","63.64","65.05","63.25","282.72K","2.49%"
"09/25/2025","64.98","64.80","65.34","64.06","258.35K","-0.02%"
"09/26/2025","65.72","65.20","66.42","64.66","284.99K","1.14%"
"09/29/2025","63.45","65.07","65.40","62.98","294.29K","-3.45%"
"09/30/2025","62.37","63.14","63.26","62.03","271.65K","-1.70%"
"10/01/2025","61.78","62.46","62.89","61.40","274.34K","-0.95%"
"10/02/2025","60.48","61.78","62.54","60.40","290.51K","-2.10%"
"10/03/2025","60.88","60.70","61.38","60.55","240.04K","0.66%"
"10/06/2025","61.69","61.14","62.12","61.04","224.68K","1.33%"
"10/07/2025","61.73","61.73","62.11","60.72","245.12K","0.06%"
"10/08/2025","62.55","62.05","62.92","62.05","273.32K","1.33%"
"10/09/2025","61.51","62.31","62.87","61.25","259.17K","-1.66%"
"10/10/2025","58.90","61.49","61.67","58.22","339.10K","-4.24%"
"10/13/2025","59.07","58.65","59.69","58.41","0.64K","0.29%"
"10/14/2025","58.27","59.17","59.39","57.29","232.45K","-1.35%"
"10/15/2025","58.27","58.60","59.42","58.20","224.92K","0.00%"
"10/16/2025","57.46","58.77","59.11","57.26","203.87K","-1.39%"
"10/17/2025","57.54","57.50","57.72","56.60","108.75K","0.14%"
"10/19/2025","56.95","57.29","57.44","56.95","5.52K","-1.03%"
"10/20/2025","57.52","57.73","57.81","56.35","108.15K","1.00%"
"10/21/2025","57.82","57.37","58.28","56.99","27.73K","0.52%"
"10/22/2025","58.50","57.59","59.83","57.34","378.64K","1.18%"
"10/23/2025","61.79","59.94","62.20","59.64","735.19K","5.62%"
"10/24/2025","61.50","61.79","62.59","61.21","341.71K","-0.47%"
"10/26/2025","61.93","61.83","62.17","61.81","7.86K","0.70%"
"10/27/2025","61.95","61.91","62.03","60.68","146.43K","0.03%"